id,name,city,area,address,latitude,longitude,capabilities,confidence,verification_source,verified_at,naver_map_url,kakao_map_url,google_map_url
busan-jung-airy-coffee,에어리커피,busan,jung,부산 중구 중앙대로 47,35.1018293,129.0361871,espresso_machine|specialty_coffee,B,admin_verified,2026-06-16,https://map.naver.com/p/entry/place/1452367571?lng=129.0361871&lat=35.1018293&placePath=%2Fhome&entry=plt&searchType=place,https://map.kakao.com/link/search/%EB%B6%80%EC%82%B0%20%EC%A4%91%EA%B5%AC%20%EC%A4%91%EC%95%99%EB%8C%80%EB%A1%9C%2047%20%EC%97%90%EC%96%B4%EB%A6%AC%EC%BB%A4%ED%94%BC,https://www.google.com/maps/search/?api=1&query=%EB%B6%80%EC%82%B0%20%EC%A4%91%EA%B5%AC%20%EC%A4%91%EC%95%99%EB%8C%80%EB%A1%9C%2047%20%EC%97%90%EC%96%B4%EB%A6%AC%EC%BB%A4%ED%94%BC
gwangan-working-holiday,워킹홀리데이,busan,gwangan,부산 수영구 광안해변로 235,35.1546095,129.1197362,espresso_machine|specialty_coffee,B,admin_verified,2026-06-16,https://map.naver.com/p/entry/place/1858278556?lng=129.1197362&lat=35.1546095&placePath=%2Fhome&entry=plt&searchType=place,https://map.kakao.com/link/search/%EB%B6%80%EC%82%B0%20%EC%88%98%EC%98%81%EA%B5%AC%20%EA%B4%91%EC%95%88%ED%95%B4%EB%B3%80%EB%A1%9C%20235%20%EC%9B%8C%ED%82%B9%ED%99%80%EB%A6%AC%EB%8D%B0%EC%9D%B4,https://www.google.com/maps/search/?api=1&query=%EB%B6%80%EC%82%B0%20%EC%88%98%EC%98%81%EA%B5%AC%20%EA%B4%91%EC%95%88%ED%95%B4%EB%B3%80%EB%A1%9C%20235%20%EC%9B%8C%ED%82%B9%ED%99%80%EB%A6%AC%EB%8D%B0%EC%9D%B4
yeongdo-mumyeong-ilgi,무명일기,busan,yeongdo,부산 영도구 봉래나루로 178,35.0964400,129.0434900,espresso_machine|specialty_coffee,B,admin_verified,2026-06-16,https://map.naver.com/p/entry/place/1552762754?lng=129.04349&lat=35.09644&placePath=%2Fhome&entry=plt&searchType=place,https://map.kakao.com/link/search/%EB%B6%80%EC%82%B0%20%EC%98%81%EB%8F%84%EA%B5%AC%20%EB%B4%89%EB%9E%98%EB%82%98%EB%A3%A8%EB%A1%9C%20178%20%EB%AC%B4%EB%AA%85%EC%9D%BC%EA%B8%B0,https://www.google.com/maps/search/?api=1&query=%EB%B6%80%EC%82%B0%20%EC%98%81%EB%8F%84%EA%B5%AC%20%EB%B4%89%EB%9E%98%EB%82%98%EB%A3%A8%EB%A1%9C%20178%20%EB%AC%B4%EB%AA%85%EC%9D%BC%EA%B8%B0
dongnae-lazy-moment-coffee-stand,레이지모먼트 커피스탠드,busan,dongnae,부산 동래구 온천천로285번길 19,35.1961600,129.0857400,espresso_machine|specialty_coffee|filter_coffee,B,admin_verified,2026-06-16,https://map.naver.com/p/entry/place/1195066445?lng=129.08574&lat=35.19616&placePath=%2Fhome&entry=plt&searchType=place,https://map.kakao.com/link/search/%EB%B6%80%EC%82%B0%20%EB%8F%99%EB%9E%98%EA%B5%AC%20%EC%98%A8%EC%B2%9C%EC%B2%9C%EB%A1%9C285%EB%B2%88%EA%B8%B8%2019%20%EB%A0%88%EC%9D%B4%EC%A7%80%EB%AA%A8%EB%A8%BC%ED%8A%B8%20%EC%BB%A4%ED%94%BC%EC%8A%A4%ED%83%A0%EB%93%9C,https://www.google.com/maps/search/?api=1&query=%EB%B6%80%EC%82%B0%20%EB%8F%99%EB%9E%98%EA%B5%AC%20%EC%98%A8%EC%B2%9C%EC%B2%9C%EB%A1%9C285%EB%B2%88%EA%B8%B8%2019%20%EB%A0%88%EC%9D%B4%EC%A7%80%EB%AA%A8%EB%A8%BC%ED%8A%B8%20%EC%BB%A4%ED%94%BC%EC%8A%A4%ED%83%A0%EB%93%9C
haeundae-momos-marine-city,모모스커피 마린시티점,busan,haeundae,부산 해운대구 마린시티1로 91,35.1544805,129.1443694,espresso_machine|specialty_coffee|filter_coffee|single_origin|roastery|bean_sales|cold_brew|decaf|decaf_bean|dripbag_sales,B,admin_verified,2026-06-16,https://map.naver.com/p/entry/place/1216704111?lng=129.1443694&lat=35.1544805&placePath=%2Fhome&entry=plt&searchType=place,https://map.kakao.com/link/search/%EB%B6%80%EC%82%B0%20%ED%95%B4%EC%9A%B4%EB%8C%80%EA%B5%AC%20%EB%A7%88%EB%A6%B0%EC%8B%9C%ED%8B%B01%EB%A1%9C%2091%20%EB%AA%A8%EB%AA%A8%EC%8A%A4%EC%BB%A4%ED%94%BC%20%EB%A7%88%EB%A6%B0%EC%8B%9C%ED%8B%B0%EC%A0%90,https://www.google.com/maps/search/?api=1&query=%EB%B6%80%EC%82%B0%20%ED%95%B4%EC%9A%B4%EB%8C%80%EA%B5%AC%20%EB%A7%88%EB%A6%B0%EC%8B%9C%ED%8B%B01%EB%A1%9C%2091%20%EB%AA%A8%EB%AA%A8%EC%8A%A4%EC%BB%A4%ED%94%BC%20%EB%A7%88%EB%A6%B0%EC%8B%9C%ED%8B%B0%EC%A0%90
gwangan-momos-domoheon,모모스커피 도모헌점,busan,gwangan,부산 수영구 황령산로7번길 60,35.1470284,129.1071882,espresso_machine|specialty_coffee|filter_coffee|single_origin|roastery|bean_sales|cold_brew|decaf|decaf_bean|dripbag_sales,B,admin_verified,2026-06-16,https://map.naver.com/p/entry/place/1262480043?lng=129.1071882&lat=35.1470284&placePath=%2Fhome&entry=plt&searchType=place,https://map.kakao.com/link/search/%EB%B6%80%EC%82%B0%20%EC%88%98%EC%98%81%EA%B5%AC%20%ED%99%A9%EB%A0%B9%EC%82%B0%EB%A1%9C7%EB%B2%88%EA%B8%B8%2060%20%EB%AA%A8%EB%AA%A8%EC%8A%A4%EC%BB%A4%ED%94%BC%20%EB%8F%84%EB%AA%A8%ED%97%8C%EC%A0%90,https://www.google.com/maps/search/?api=1&query=%EB%B6%80%EC%82%B0%20%EC%88%98%EC%98%81%EA%B5%AC%20%ED%99%A9%EB%A0%B9%EC%82%B0%EB%A1%9C7%EB%B2%88%EA%B8%B8%2060%20%EB%AA%A8%EB%AA%A8%EC%8A%A4%EC%BB%A4%ED%94%BC%20%EB%8F%84%EB%AA%A8%ED%97%8C%EC%A0%90
yeongdo-momos-roastery-coffee-bar,모모스커피 로스터리&커피바,busan,yeongdo,부산 영도구 봉래나루로 160,35.0962617,129.0426052,espresso_machine|specialty_coffee|filter_coffee|single_origin|roastery|bean_sales|cold_brew|decaf|decaf_bean|dripbag_sales,B,admin_verified,2026-06-16,https://map.naver.com/p/entry/place/1786887951?lng=129.0426052&lat=35.0962617&placePath=%2Fhome&entry=plt&searchType=place,https://map.kakao.com/link/search/%EB%B6%80%EC%82%B0%20%EC%98%81%EB%8F%84%EA%B5%AC%20%EB%B4%89%EB%9E%98%EB%82%98%EB%A3%A8%EB%A1%9C%20160%20%EB%AA%A8%EB%AA%A8%EC%8A%A4%EC%BB%A4%ED%94%BC%20%EB%A1%9C%EC%8A%A4%ED%84%B0%EB%A6%AC%26%EC%BB%A4%ED%94%BC%EB%B0%94,https://www.google.com/maps/search/?api=1&query=%EB%B6%80%EC%82%B0%20%EC%98%81%EB%8F%84%EA%B5%AC%20%EB%B4%89%EB%9E%98%EB%82%98%EB%A3%A8%EB%A1%9C%20160%20%EB%AA%A8%EB%AA%A8%EC%8A%A4%EC%BB%A4%ED%94%BC%20%EB%A1%9C%EC%8A%A4%ED%84%B0%EB%A6%AC%26%EC%BB%A4%ED%94%BC%EB%B0%94
jung-blackup-lotte-gwangbok,블랙업커피 롯데백화점광복점,busan,jung,부산 중구 중앙대로 2,35.0981418,129.0360633,espresso_machine|specialty_coffee|filter_coffee|bean_sales|cold_brew|decaf|dripbag_sales,B,admin_verified,2026-06-16,https://map.naver.com/p/entry/place/1099163755?lng=129.0360633&lat=35.0981418&placePath=%2Fhome&entry=plt&searchType=place,https://map.kakao.com/link/search/%EB%B6%80%EC%82%B0%20%EC%A4%91%EA%B5%AC%20%EC%A4%91%EC%95%99%EB%8C%80%EB%A1%9C%202%20%EB%B8%94%EB%9E%99%EC%97%85%EC%BB%A4%ED%94%BC%20%EB%A1%AF%EB%8D%B0%EB%B0%B1%ED%99%94%EC%A0%90%EA%B4%91%EB%B3%B5%EC%A0%90,https://www.google.com/maps/search/?api=1&query=%EB%B6%80%EC%82%B0%20%EC%A4%91%EA%B5%AC%20%EC%A4%91%EC%95%99%EB%8C%80%EB%A1%9C%202%20%EB%B8%94%EB%9E%99%EC%97%85%EC%BB%A4%ED%94%BC%20%EB%A1%AF%EB%8D%B0%EB%B0%B1%ED%99%94%EC%A0%90%EA%B4%91%EB%B3%B5%EC%A0%90
saha-blackup-eulsukdo,블랙업커피 을숙도점,busan,saha,부산 사하구 낙동남로1233번길 30,35.1103318,128.9473826,espresso_machine|specialty_coffee|filter_coffee|bean_sales|cold_brew|decaf|dripbag_sales,B,admin_verified,2026-06-16,https://map.naver.com/p/entry/place/1642228694?lng=128.9473826&lat=35.1103318&placePath=%2Fhome&entry=plt&searchType=place,https://map.kakao.com/link/search/%EB%B6%80%EC%82%B0%20%EC%82%AC%ED%95%98%EA%B5%AC%20%EB%82%99%EB%8F%99%EB%82%A8%EB%A1%9C1233%EB%B2%88%EA%B8%B8%2030%20%EB%B8%94%EB%9E%99%EC%97%85%EC%BB%A4%ED%94%BC%20%EC%9D%84%EC%88%99%EB%8F%84%EC%A0%90,https://www.google.com/maps/search/?api=1&query=%EB%B6%80%EC%82%B0%20%EC%82%AC%ED%95%98%EA%B5%AC%20%EB%82%99%EB%8F%99%EB%82%A8%EB%A1%9C1233%EB%B2%88%EA%B8%B8%2030%20%EB%B8%94%EB%9E%99%EC%97%85%EC%BB%A4%ED%94%BC%20%EC%9D%84%EC%88%99%EB%8F%84%EC%A0%90
haeundae-blackup-haeundae,블랙업커피 해운대점,busan,haeundae,부산 해운대구 중동2로 16,35.1633409,129.1643500,espresso_machine|specialty_coffee|filter_coffee|bean_sales|cold_brew|decaf|dripbag_sales,B,admin_verified,2026-06-16,https://map.naver.com/p/entry/place/38232927?lng=129.16435&lat=35.1633409&placePath=%2Fhome&entry=plt&searchType=place,https://map.kakao.com/link/search/%EB%B6%80%EC%82%B0%20%ED%95%B4%EC%9A%B4%EB%8C%80%EA%B5%AC%20%EC%A4%91%EB%8F%992%EB%A1%9C%2016%20%EB%B8%94%EB%9E%99%EC%97%85%EC%BB%A4%ED%94%BC%20%ED%95%B4%EC%9A%B4%EB%8C%80%EC%A0%90,https://www.google.com/maps/search/?api=1&query=%EB%B6%80%EC%82%B0%20%ED%95%B4%EC%9A%B4%EB%8C%80%EA%B5%AC%20%EC%A4%91%EB%8F%992%EB%A1%9C%2016%20%EB%B8%94%EB%9E%99%EC%97%85%EC%BB%A4%ED%94%BC%20%ED%95%B4%EC%9A%B4%EB%8C%80%EC%A0%90
jeonpo-blackup-seomyeon,블랙업커피 서면본점,busan,jeonpo,부산 부산진구 서전로10번길 41,35.1560709,129.0599675,espresso_machine|specialty_coffee|filter_coffee|bean_sales|cold_brew|decaf|dripbag_sales,B,admin_verified,2026-06-16,https://map.naver.com/p/entry/place/38264566?lng=129.0599675&lat=35.1560709&placePath=%2Fhome&entry=plt&searchType=place,https://map.kakao.com/link/search/%EB%B6%80%EC%82%B0%20%EB%B6%80%EC%82%B0%EC%A7%84%EA%B5%AC%20%EC%84%9C%EC%A0%84%EB%A1%9C10%EB%B2%88%EA%B8%B8%2041%20%EB%B8%94%EB%9E%99%EC%97%85%EC%BB%A4%ED%94%BC%20%EC%84%9C%EB%A9%B4%EB%B3%B8%EC%A0%90,https://www.google.com/maps/search/?api=1&query=%EB%B6%80%EC%82%B0%20%EB%B6%80%EC%82%B0%EC%A7%84%EA%B5%AC%20%EC%84%9C%EC%A0%84%EB%A1%9C10%EB%B2%88%EA%B8%B8%2041%20%EB%B8%94%EB%9E%99%EC%97%85%EC%BB%A4%ED%94%BC%20%EC%84%9C%EB%A9%B4%EB%B3%B8%EC%A0%90
jeonpo-viceversa-roastery,바이스벌사 로스터리,busan,jeonpo,부산 부산진구 서전로57번길 27,35.1589716,129.0659684,espresso_machine|specialty_coffee|filter_coffee|single_origin|roastery|bean_sales,B,admin_verified,2026-06-16,https://map.naver.com/p/entry/place/1735664283?lng=129.0659684&lat=35.1589716&placePath=%2Fhome&entry=plt&searchType=place,https://map.kakao.com/link/search/%EB%B6%80%EC%82%B0%20%EB%B6%80%EC%82%B0%EC%A7%84%EA%B5%AC%20%EC%84%9C%EC%A0%84%EB%A1%9C57%EB%B2%88%EA%B8%B8%2027%20%EB%B0%94%EC%9D%B4%EC%8A%A4%EB%B2%8C%EC%82%AC%20%EB%A1%9C%EC%8A%A4%ED%84%B0%EB%A6%AC,https://www.google.com/maps/search/?api=1&query=%EB%B6%80%EC%82%B0%20%EB%B6%80%EC%82%B0%EC%A7%84%EA%B5%AC%20%EC%84%9C%EC%A0%84%EB%A1%9C57%EB%B2%88%EA%B8%B8%2027%20%EB%B0%94%EC%9D%B4%EC%8A%A4%EB%B2%8C%EC%82%AC%20%EB%A1%9C%EC%8A%A4%ED%84%B0%EB%A6%AC
jeonpo-month-coffee-bar,먼스커피바,busan,jeonpo,부산 부산진구 동성로87번길 5,35.1581383,129.0679172,espresso_machine|specialty_coffee|filter_coffee,B,admin_verified,2026-06-16,https://map.naver.com/p/entry/place/1117934566?lng=129.0679172&lat=35.1581383&placePath=%2Fhome&entry=plt&searchType=place,https://map.kakao.com/link/search/%EB%B6%80%EC%82%B0%20%EB%B6%80%EC%82%B0%EC%A7%84%EA%B5%AC%20%EB%8F%99%EC%84%B1%EB%A1%9C87%EB%B2%88%EA%B8%B8%205%20%EB%A8%BC%EC%8A%A4%EC%BB%A4%ED%94%BC%EB%B0%94,https://www.google.com/maps/search/?api=1&query=%EB%B6%80%EC%82%B0%20%EB%B6%80%EC%82%B0%EC%A7%84%EA%B5%AC%20%EB%8F%99%EC%84%B1%EB%A1%9C87%EB%B2%88%EA%B8%B8%205%20%EB%A8%BC%EC%8A%A4%EC%BB%A4%ED%94%BC%EB%B0%94
gangseo-hytte-roastery,히떼로스터리 강서점,busan,gangseo,부산 강서구 공항로 475,35.1503123,128.9525926,espresso_machine|specialty_coffee|filter_coffee|single_origin|roastery|bean_sales,B,admin_verified,2026-06-16,https://map.naver.com/p/entry/place/1620661596?lng=128.9525926&lat=35.1503123&placePath=%2Fhome&entry=plt&searchType=place,https://map.kakao.com/link/search/%EB%B6%80%EC%82%B0%20%EA%B0%95%EC%84%9C%EA%B5%AC%20%EA%B3%B5%ED%95%AD%EB%A1%9C%20475%20%ED%9E%88%EB%96%BC%EB%A1%9C%EC%8A%A4%ED%84%B0%EB%A6%AC%20%EA%B0%95%EC%84%9C%EC%A0%90,https://www.google.com/maps/search/?api=1&query=%EB%B6%80%EC%82%B0%20%EA%B0%95%EC%84%9C%EA%B5%AC%20%EA%B3%B5%ED%95%AD%EB%A1%9C%20475%20%ED%9E%88%EB%96%BC%EB%A1%9C%EC%8A%A4%ED%84%B0%EB%A6%AC%20%EA%B0%95%EC%84%9C%EC%A0%90
gwangan-hytte-roastery,히떼로스터리 광안점,busan,gwangan,부산 수영구 수영로510번길 57,35.1506240,129.1145392,espresso_machine|specialty_coffee|filter_coffee|single_origin|roastery|bean_sales,B,admin_verified,2026-06-16,https://map.naver.com/p/entry/place/1734422252?lng=129.1145392&lat=35.150624&placePath=%2Fhome&entry=plt&searchType=place,https://map.kakao.com/link/search/%EB%B6%80%EC%82%B0%20%EC%88%98%EC%98%81%EA%B5%AC%20%EC%88%98%EC%98%81%EB%A1%9C510%EB%B2%88%EA%B8%B8%2057%20%ED%9E%88%EB%96%BC%EB%A1%9C%EC%8A%A4%ED%84%B0%EB%A6%AC%20%EA%B4%91%EC%95%88%EC%A0%90,https://www.google.com/maps/search/?api=1&query=%EB%B6%80%EC%82%B0%20%EC%88%98%EC%98%81%EA%B5%AC%20%EC%88%98%EC%98%81%EB%A1%9C510%EB%B2%88%EA%B8%B8%2057%20%ED%9E%88%EB%96%BC%EB%A1%9C%EC%8A%A4%ED%84%B0%EB%A6%AC%20%EA%B4%91%EC%95%88%EC%A0%90
jeonpo-hytte-roastery,히떼 로스터리,busan,jeonpo,부산 부산진구 동성로 59,35.1557531,129.0682086,espresso_machine|specialty_coffee|filter_coffee|flat_white|single_origin|roastery|bean_sales,B,admin_verified,2026-07-10,https://map.naver.com/p/entry/place/1505741858?lng=129.0682086&lat=35.1557531&placePath=%2Fhome&entry=plt&searchType=place,https://map.kakao.com/link/search/%EB%B6%80%EC%82%B0%20%EB%B6%80%EC%82%B0%EC%A7%84%EA%B5%AC%20%EB%8F%99%EC%84%B1%EB%A1%9C%2059%20%ED%9E%88%EB%96%BC%20%EB%A1%9C%EC%8A%A4%ED%84%B0%EB%A6%AC,https://www.google.com/maps/search/?api=1&query=%EB%B6%80%EC%82%B0%20%EB%B6%80%EC%82%B0%EC%A7%84%EA%B5%AC%20%EB%8F%99%EC%84%B1%EB%A1%9C%2059%20%ED%9E%88%EB%96%BC%20%EB%A1%9C%EC%8A%A4%ED%84%B0%EB%A6%AC
jeonpo-naive-brewers,나이브브류어스,busan,jeonpo,부산 부산진구 전포대로186번길 37,35.1531412,129.0675896,espresso_machine|specialty_coffee|filter_coffee,B,admin_verified,2026-06-16,https://map.naver.com/p/entry/place/1342572229?lng=129.0675896&lat=35.1531412&placePath=%2Fhome&entry=plt&searchType=place,https://map.kakao.com/link/search/%EB%B6%80%EC%82%B0%20%EB%B6%80%EC%82%B0%EC%A7%84%EA%B5%AC%20%EC%A0%84%ED%8F%AC%EB%8C%80%EB%A1%9C186%EB%B2%88%EA%B8%B8%2037%20%EB%82%98%EC%9D%B4%EB%B8%8C%EB%B8%8C%EB%A5%98%EC%96%B4%EC%8A%A4,https://www.google.com/maps/search/?api=1&query=%EB%B6%80%EC%82%B0%20%EB%B6%80%EC%82%B0%EC%A7%84%EA%B5%AC%20%EC%A0%84%ED%8F%AC%EB%8C%80%EB%A1%9C186%EB%B2%88%EA%B8%B8%2037%20%EB%82%98%EC%9D%B4%EB%B8%8C%EB%B8%8C%EB%A5%98%EC%96%B4%EC%8A%A4
jeonpo-treasures-coffee,트레져스커피,busan,jeonpo,부산 부산진구 전포대로216번길 28,35.1557404,129.0671332,espresso_machine|specialty_coffee|filter_coffee,B,admin_verified,2026-06-16,https://map.naver.com/p/entry/place/38467374?lng=129.0671332&lat=35.1557404&placePath=%2Fhome&entry=plt&searchType=place,https://map.kakao.com/link/search/%EB%B6%80%EC%82%B0%20%EB%B6%80%EC%82%B0%EC%A7%84%EA%B5%AC%20%EC%A0%84%ED%8F%AC%EB%8C%80%EB%A1%9C216%EB%B2%88%EA%B8%B8%2028%20%ED%8A%B8%EB%A0%88%EC%A0%B8%EC%8A%A4%EC%BB%A4%ED%94%BC,https://www.google.com/maps/search/?api=1&query=%EB%B6%80%EC%82%B0%20%EB%B6%80%EC%82%B0%EC%A7%84%EA%B5%AC%20%EC%A0%84%ED%8F%AC%EB%8C%80%EB%A1%9C216%EB%B2%88%EA%B8%B8%2028%20%ED%8A%B8%EB%A0%88%EC%A0%B8%EC%8A%A4%EC%BB%A4%ED%94%BC
gwangan-werk-roasters,베르크로스터스,busan,gwangan,부산 수영구 수영로 566,35.1561215,129.1129792,espresso_machine|specialty_coffee|filter_coffee|single_origin|roastery|bean_sales,B,admin_verified,2026-06-16,https://map.naver.com/p/entry/place/1588756539?lng=129.1129792&lat=35.1561215&placePath=%2Fhome&entry=plt&searchType=place,https://map.kakao.com/link/search/%EB%B6%80%EC%82%B0%20%EC%88%98%EC%98%81%EA%B5%AC%20%EC%88%98%EC%98%81%EB%A1%9C%20566%20%EB%B2%A0%EB%A5%B4%ED%81%AC%EB%A1%9C%EC%8A%A4%ED%84%B0%EC%8A%A4,https://www.google.com/maps/search/?api=1&query=%EB%B6%80%EC%82%B0%20%EC%88%98%EC%98%81%EA%B5%AC%20%EC%88%98%EC%98%81%EB%A1%9C%20566%20%EB%B2%A0%EB%A5%B4%ED%81%AC%EB%A1%9C%EC%8A%A4%ED%84%B0%EC%8A%A4
yeonje-northcoffee-remaster-cityhall,노스커피리마스터 시청점,busan,yeonje,부산 연제구 중앙대로1043번길 34,35.1822051,129.0762636,espresso_machine|specialty_coffee|filter_coffee,B,admin_verified,2026-06-16,https://map.naver.com/p/entry/place/1971844292?lng=129.0762636&lat=35.1822051&placePath=%2Fhome&entry=plt&searchType=place,https://map.kakao.com/link/search/%EB%B6%80%EC%82%B0%20%EC%97%B0%EC%A0%9C%EA%B5%AC%20%EC%A4%91%EC%95%99%EB%8C%80%EB%A1%9C1043%EB%B2%88%EA%B8%B8%2034%20%EB%85%B8%EC%8A%A4%EC%BB%A4%ED%94%BC%EB%A6%AC%EB%A7%88%EC%8A%A4%ED%84%B0%20%EC%8B%9C%EC%B2%AD%EC%A0%90,https://www.google.com/maps/search/?api=1&query=%EB%B6%80%EC%82%B0%20%EC%97%B0%EC%A0%9C%EA%B5%AC%20%EC%A4%91%EC%95%99%EB%8C%80%EB%A1%9C1043%EB%B2%88%EA%B8%B8%2034%20%EB%85%B8%EC%8A%A4%EC%BB%A4%ED%94%BC%EB%A6%AC%EB%A7%88%EC%8A%A4%ED%84%B0%20%EC%8B%9C%EC%B2%AD%EC%A0%90
haeundae-northcoffee-remaster-centum,노스커피 리마스터 센텀시티점,busan,haeundae,부산 해운대구 센텀2로 20,35.1673292,129.1320709,espresso_machine|specialty_coffee|filter_coffee,B,admin_verified,2026-06-16,https://map.naver.com/p/entry/place/1071450476?lng=129.1320709&lat=35.1673292&placePath=%2Fhome&entry=plt&searchType=place,https://map.kakao.com/link/search/%EB%B6%80%EC%82%B0%20%ED%95%B4%EC%9A%B4%EB%8C%80%EA%B5%AC%20%EC%84%BC%ED%85%802%EB%A1%9C%2020%20%EB%85%B8%EC%8A%A4%EC%BB%A4%ED%94%BC%20%EB%A6%AC%EB%A7%88%EC%8A%A4%ED%84%B0%20%EC%84%BC%ED%85%80%EC%8B%9C%ED%8B%B0%EC%A0%90,https://www.google.com/maps/search/?api=1&query=%EB%B6%80%EC%82%B0%20%ED%95%B4%EC%9A%B4%EB%8C%80%EA%B5%AC%20%EC%84%BC%ED%85%802%EB%A1%9C%2020%20%EB%85%B8%EC%8A%A4%EC%BB%A4%ED%94%BC%20%EB%A6%AC%EB%A7%88%EC%8A%A4%ED%84%B0%20%EC%84%BC%ED%85%80%EC%8B%9C%ED%8B%B0%EC%A0%90
geumjeong-northcoffee-busan-univ,노스커피 부산대 정문점,busan,geumjeong,부산 금정구 부산대학로63번길 21,35.2306127,129.0840622,espresso_machine|specialty_coffee|filter_coffee,B,admin_verified,2026-06-16,https://map.naver.com/p/entry/place/1818215046?lng=129.0840622&lat=35.2306127&placePath=%2Fhome&entry=plt&searchType=place,https://map.kakao.com/link/search/%EB%B6%80%EC%82%B0%20%EA%B8%88%EC%A0%95%EA%B5%AC%20%EB%B6%80%EC%82%B0%EB%8C%80%ED%95%99%EB%A1%9C63%EB%B2%88%EA%B8%B8%2021%20%EB%85%B8%EC%8A%A4%EC%BB%A4%ED%94%BC%20%EB%B6%80%EC%82%B0%EB%8C%80%20%EC%A0%95%EB%AC%B8%EC%A0%90,https://www.google.com/maps/search/?api=1&query=%EB%B6%80%EC%82%B0%20%EA%B8%88%EC%A0%95%EA%B5%AC%20%EB%B6%80%EC%82%B0%EB%8C%80%ED%95%99%EB%A1%9C63%EB%B2%88%EA%B8%B8%2021%20%EB%85%B8%EC%8A%A4%EC%BB%A4%ED%94%BC%20%EB%B6%80%EC%82%B0%EB%8C%80%20%EC%A0%95%EB%AC%B8%EC%A0%90
geumjeong-northcoffee-oncheonjang,노스커피 온천장역점,busan,geumjeong,부산 금정구 오시게로 22-1,35.2195895,129.0865108,espresso_machine|specialty_coffee|filter_coffee,B,admin_verified,2026-06-16,https://map.naver.com/p/entry/place/1344520946?lng=129.0865108&lat=35.2195895&placePath=%2Fhome&entry=plt&searchType=place,https://map.kakao.com/link/search/%EB%B6%80%EC%82%B0%20%EA%B8%88%EC%A0%95%EA%B5%AC%20%EC%98%A4%EC%8B%9C%EA%B2%8C%EB%A1%9C%2022-1%20%EB%85%B8%EC%8A%A4%EC%BB%A4%ED%94%BC%20%EC%98%A8%EC%B2%9C%EC%9E%A5%EC%97%AD%EC%A0%90,https://www.google.com/maps/search/?api=1&query=%EB%B6%80%EC%82%B0%20%EA%B8%88%EC%A0%95%EA%B5%AC%20%EC%98%A4%EC%8B%9C%EA%B2%8C%EB%A1%9C%2022-1%20%EB%85%B8%EC%8A%A4%EC%BB%A4%ED%94%BC%20%EC%98%A8%EC%B2%9C%EC%9E%A5%EC%97%AD%EC%A0%90
dongnae-suan-coffee-company,수안커피컴퍼니 커피하우스,busan,dongnae,부산 동래구 충렬대로256번길 32,35.1998209,129.0866800,espresso_machine|specialty_coffee|filter_coffee|roastery|bean_sales,B,admin_verified,2026-06-16,https://map.naver.com/p/entry/place/1469178196?lng=129.08668&lat=35.1998209&placePath=%2Fhome&entry=plt&searchType=place,https://map.kakao.com/link/search/%EB%B6%80%EC%82%B0%20%EB%8F%99%EB%9E%98%EA%B5%AC%20%EC%B6%A9%EB%A0%AC%EB%8C%80%EB%A1%9C256%EB%B2%88%EA%B8%B8%2032%20%EC%88%98%EC%95%88%EC%BB%A4%ED%94%BC%EC%BB%B4%ED%8D%BC%EB%8B%88%20%EC%BB%A4%ED%94%BC%ED%95%98%EC%9A%B0%EC%8A%A4,https://www.google.com/maps/search/?api=1&query=%EB%B6%80%EC%82%B0%20%EB%8F%99%EB%9E%98%EA%B5%AC%20%EC%B6%A9%EB%A0%AC%EB%8C%80%EB%A1%9C256%EB%B2%88%EA%B8%B8%2032%20%EC%88%98%EC%95%88%EC%BB%A4%ED%94%BC%EC%BB%B4%ED%8D%BC%EB%8B%88%20%EC%BB%A4%ED%94%BC%ED%95%98%EC%9A%B0%EC%8A%A4
geumjeong-cosphere,코스피어,busan,geumjeong,부산 금정구 장전온천천로79번길 4,35.2321583,129.0885589,espresso_machine|specialty_coffee|filter_coffee,B,admin_verified,2026-06-16,https://map.naver.com/p/entry/place/1196749625?lng=129.0885589&lat=35.2321583&placePath=%2Fhome&entry=plt&searchType=place,https://map.kakao.com/link/search/%EB%B6%80%EC%82%B0%20%EA%B8%88%EC%A0%95%EA%B5%AC%20%EC%9E%A5%EC%A0%84%EC%98%A8%EC%B2%9C%EC%B2%9C%EB%A1%9C79%EB%B2%88%EA%B8%B8%204%20%EC%BD%94%EC%8A%A4%ED%94%BC%EC%96%B4,https://www.google.com/maps/search/?api=1&query=%EB%B6%80%EC%82%B0%20%EA%B8%88%EC%A0%95%EA%B5%AC%20%EC%9E%A5%EC%A0%84%EC%98%A8%EC%B2%9C%EC%B2%9C%EB%A1%9C79%EB%B2%88%EA%B8%B8%204%20%EC%BD%94%EC%8A%A4%ED%94%BC%EC%96%B4
yeonje-monoscope,모노스코프,busan,yeonje,부산 연제구 명륜로2번길 27,35.1945345,129.0803416,espresso_machine|specialty_coffee|filter_coffee,B,admin_verified,2026-06-16,https://map.naver.com/p/entry/place/1290369001?lng=129.0803416&lat=35.1945345&placePath=%2Fhome&entry=plt&searchType=place,https://map.kakao.com/link/search/%EB%B6%80%EC%82%B0%20%EC%97%B0%EC%A0%9C%EA%B5%AC%20%EB%AA%85%EB%A5%9C%EB%A1%9C2%EB%B2%88%EA%B8%B8%2027%20%EB%AA%A8%EB%85%B8%EC%8A%A4%EC%BD%94%ED%94%84,https://www.google.com/maps/search/?api=1&query=%EB%B6%80%EC%82%B0%20%EC%97%B0%EC%A0%9C%EA%B5%AC%20%EB%AA%85%EB%A5%9C%EB%A1%9C2%EB%B2%88%EA%B8%B8%2027%20%EB%AA%A8%EB%85%B8%EC%8A%A4%EC%BD%94%ED%94%84
geumjeong-momos-main,모모스커피 본점,busan,geumjeong,부산 금정구 오시게로 20,35.2192677,129.0864433,espresso_machine|specialty_coffee|filter_coffee|single_origin|roastery|bean_sales|cold_brew|decaf|decaf_bean|dripbag_sales,B,admin_verified,2026-06-16,https://map.naver.com/p/entry/place/37160995?lng=129.0864433&lat=35.2192677&placePath=%2Fhome&entry=plt&searchType=place,https://map.kakao.com/link/search/%EB%B6%80%EC%82%B0%20%EA%B8%88%EC%A0%95%EA%B5%AC%20%EC%98%A4%EC%8B%9C%EA%B2%8C%EB%A1%9C%2020%20%EB%AA%A8%EB%AA%A8%EC%8A%A4%EC%BB%A4%ED%94%BC%20%EB%B3%B8%EC%A0%90,https://www.google.com/maps/search/?api=1&query=%EB%B6%80%EC%82%B0%20%EA%B8%88%EC%A0%95%EA%B5%AC%20%EC%98%A4%EC%8B%9C%EA%B2%8C%EB%A1%9C%2020%20%EB%AA%A8%EB%AA%A8%EC%8A%A4%EC%BB%A4%ED%94%BC%20%EB%B3%B8%EC%A0%90
yeonje-kakao-1842054292,어나더미네스,busan,yeonje,부산 연제구 쌍미천로 47,35.1771374,129.0891778,espresso_machine|specialty_coffee,B,admin_verified,2026-06-16,https://map.naver.com/p/search/%EB%B6%80%EC%82%B0%20%EC%97%B0%EC%A0%9C%EA%B5%AC%20%EC%8C%8D%EB%AF%B8%EC%B2%9C%EB%A1%9C%2047%20%EC%96%B4%EB%82%98%EB%8D%94%EB%AF%B8%EB%84%A4%EC%8A%A4,https://place.map.kakao.com/1842054292,https://www.google.com/maps/search/?api=1&query=%EB%B6%80%EC%82%B0%20%EC%97%B0%EC%A0%9C%EA%B5%AC%20%EC%8C%8D%EB%AF%B8%EC%B2%9C%EB%A1%9C%2047%20%EC%96%B4%EB%82%98%EB%8D%94%EB%AF%B8%EB%84%A4%EC%8A%A4
buk-kakao-1597819723,온도3731,busan,buk,부산 북구 만덕대로 141,35.2133637,129.0201182,espresso_machine|specialty_coffee,B,admin_verified,2026-06-16,https://map.naver.com/p/search/%EB%B6%80%EC%82%B0%20%EB%B6%81%EA%B5%AC%20%EB%A7%8C%EB%8D%95%EB%8C%80%EB%A1%9C%20141%20%EC%98%A8%EB%8F%843731,https://place.map.kakao.com/1597819723,https://www.google.com/maps/search/?api=1&query=%EB%B6%80%EC%82%B0%20%EB%B6%81%EA%B5%AC%20%EB%A7%8C%EB%8D%95%EB%8C%80%EB%A1%9C%20141%20%EC%98%A8%EB%8F%843731
gijang-kakao-2078684996,아데초이,busan,gijang,부산 기장군 일광읍 문오성길 162-1,35.2864536,129.2582023,espresso_machine|specialty_coffee,B,admin_verified,2026-06-16,https://map.naver.com/p/search/%EB%B6%80%EC%82%B0%20%EA%B8%B0%EC%9E%A5%EA%B5%B0%20%EC%9D%BC%EA%B4%91%EC%9D%8D%20%EB%AC%B8%EC%98%A4%EC%84%B1%EA%B8%B8%20162-1%20%EC%95%84%EB%8D%B0%EC%B4%88%EC%9D%B4,https://place.map.kakao.com/2078684996,https://www.google.com/maps/search/?api=1&query=%EB%B6%80%EC%82%B0%20%EA%B8%B0%EC%9E%A5%EA%B5%B0%20%EC%9D%BC%EA%B4%91%EC%9D%8D%20%EB%AC%B8%EC%98%A4%EC%84%B1%EA%B8%B8%20162-1%20%EC%95%84%EB%8D%B0%EC%B4%88%EC%9D%B4
gijang-kakao-1964635820,프레스트,busan,gijang,부산 기장군 기장읍 차성로451번길 28,35.2569065,129.2169844,espresso_machine|specialty_coffee,B,admin_verified,2026-06-16,https://map.naver.com/p/search/%EB%B6%80%EC%82%B0%20%EA%B8%B0%EC%9E%A5%EA%B5%B0%20%EA%B8%B0%EC%9E%A5%EC%9D%8D%20%EC%B0%A8%EC%84%B1%EB%A1%9C451%EB%B2%88%EA%B8%B8%2028%20%ED%94%84%EB%A0%88%EC%8A%A4%ED%8A%B8,https://place.map.kakao.com/1964635820,https://www.google.com/maps/search/?api=1&query=%EB%B6%80%EC%82%B0%20%EA%B8%B0%EC%9E%A5%EA%B5%B0%20%EA%B8%B0%EC%9E%A5%EC%9D%8D%20%EC%B0%A8%EC%84%B1%EB%A1%9C451%EB%B2%88%EA%B8%B8%2028%20%ED%94%84%EB%A0%88%EC%8A%A4%ED%8A%B8
gijang-kakao-2008896336,오시랑,busan,gijang,부산 기장군 기장읍 동암해안길 39,35.1957488,129.2244674,espresso_machine|specialty_coffee,B,admin_verified,2026-06-16,https://map.naver.com/p/search/%EB%B6%80%EC%82%B0%20%EA%B8%B0%EC%9E%A5%EA%B5%B0%20%EA%B8%B0%EC%9E%A5%EC%9D%8D%20%EB%8F%99%EC%95%94%ED%95%B4%EC%95%88%EA%B8%B8%2039%20%EC%98%A4%EC%8B%9C%EB%9E%91,https://place.map.kakao.com/2008896336,https://www.google.com/maps/search/?api=1&query=%EB%B6%80%EC%82%B0%20%EA%B8%B0%EC%9E%A5%EA%B5%B0%20%EA%B8%B0%EC%9E%A5%EC%9D%8D%20%EB%8F%99%EC%95%94%ED%95%B4%EC%95%88%EA%B8%B8%2039%20%EC%98%A4%EC%8B%9C%EB%9E%91
gijang-kakao-1936615503,피크스퀘어,busan,gijang,부산 기장군 기장읍 기장해안로 864,35.2325918,129.2440998,espresso_machine|specialty_coffee,B,admin_verified,2026-06-16,https://map.naver.com/p/search/%EB%B6%80%EC%82%B0%20%EA%B8%B0%EC%9E%A5%EA%B5%B0%20%EA%B8%B0%EC%9E%A5%EC%9D%8D%20%EA%B8%B0%EC%9E%A5%ED%95%B4%EC%95%88%EB%A1%9C%20864%20%ED%94%BC%ED%81%AC%EC%8A%A4%ED%80%98%EC%96%B4,https://place.map.kakao.com/1936615503,https://www.google.com/maps/search/?api=1&query=%EB%B6%80%EC%82%B0%20%EA%B8%B0%EC%9E%A5%EA%B5%B0%20%EA%B8%B0%EC%9E%A5%EC%9D%8D%20%EA%B8%B0%EC%9E%A5%ED%95%B4%EC%95%88%EB%A1%9C%20864%20%ED%94%BC%ED%81%AC%EC%8A%A4%ED%80%98%EC%96%B4
jung-kakao-1436323463,굿올데이즈카페,busan,jung,부산 중구 중앙대로41번길 5,35.1011180,129.0358780,espresso_machine|specialty_coffee,B,admin_verified,2026-06-16,https://map.naver.com/p/search/%EB%B6%80%EC%82%B0%20%EC%A4%91%EA%B5%AC%20%EC%A4%91%EC%95%99%EB%8C%80%EB%A1%9C41%EB%B2%88%EA%B8%B8%205%20%EA%B5%BF%EC%98%AC%EB%8D%B0%EC%9D%B4%EC%A6%88%EC%B9%B4%ED%8E%98,https://place.map.kakao.com/1436323463,https://www.google.com/maps/search/?api=1&query=%EB%B6%80%EC%82%B0%20%EC%A4%91%EA%B5%AC%20%EC%A4%91%EC%95%99%EB%8C%80%EB%A1%9C41%EB%B2%88%EA%B8%B8%205%20%EA%B5%BF%EC%98%AC%EB%8D%B0%EC%9D%B4%EC%A6%88%EC%B9%B4%ED%8E%98
jung-kakao-852541804,광복동 12시,busan,jung,부산 중구 광복로67번길 20-14,35.0995058,129.0320659,espresso_machine|specialty_coffee,B,admin_verified,2026-06-16,https://map.naver.com/p/search/%EB%B6%80%EC%82%B0%20%EC%A4%91%EA%B5%AC%20%EA%B4%91%EB%B3%B5%EB%A1%9C67%EB%B2%88%EA%B8%B8%2020-14%20%EA%B4%91%EB%B3%B5%EB%8F%99%2012%EC%8B%9C,https://place.map.kakao.com/852541804,https://www.google.com/maps/search/?api=1&query=%EB%B6%80%EC%82%B0%20%EC%A4%91%EA%B5%AC%20%EA%B4%91%EB%B3%B5%EB%A1%9C67%EB%B2%88%EA%B8%B8%2020-14%20%EA%B4%91%EB%B3%B5%EB%8F%99%2012%EC%8B%9C
gwangan-kakao-209643622,카페 포토이,busan,gwangan,부산 수영구 연수로 285-1,35.1732346,129.1020328,espresso_machine|specialty_coffee,B,admin_verified,2026-06-16,https://map.naver.com/p/search/%EB%B6%80%EC%82%B0%20%EC%88%98%EC%98%81%EA%B5%AC%20%EC%97%B0%EC%88%98%EB%A1%9C%20285-1%20%EC%B9%B4%ED%8E%98%20%ED%8F%AC%ED%86%A0%EC%9D%B4,https://place.map.kakao.com/209643622,https://www.google.com/maps/search/?api=1&query=%EB%B6%80%EC%82%B0%20%EC%88%98%EC%98%81%EA%B5%AC%20%EC%97%B0%EC%88%98%EB%A1%9C%20285-1%20%EC%B9%B4%ED%8E%98%20%ED%8F%AC%ED%86%A0%EC%9D%B4
gangseo-kakao-290534255,로빈뮤지엄,busan,gangseo,부산 강서구 신호일로140번길 71,35.0809607,128.8807775,espresso_machine|specialty_coffee,B,admin_verified,2026-06-16,https://map.naver.com/p/search/%EB%B6%80%EC%82%B0%20%EA%B0%95%EC%84%9C%EA%B5%AC%20%EC%8B%A0%ED%98%B8%EC%9D%BC%EB%A1%9C140%EB%B2%88%EA%B8%B8%2071%20%EB%A1%9C%EB%B9%88%EB%AE%A4%EC%A7%80%EC%97%84,https://place.map.kakao.com/290534255,https://www.google.com/maps/search/?api=1&query=%EB%B6%80%EC%82%B0%20%EA%B0%95%EC%84%9C%EA%B5%AC%20%EC%8B%A0%ED%98%B8%EC%9D%BC%EB%A1%9C140%EB%B2%88%EA%B8%B8%2071%20%EB%A1%9C%EB%B9%88%EB%AE%A4%EC%A7%80%EC%97%84
yeongdo-kakao-15957176,커피미미,busan,yeongdo,부산 영도구 남항로 26-10,35.0888776,129.0392356,espresso_machine|specialty_coffee,B,admin_verified,2026-06-16,https://map.naver.com/p/search/%EB%B6%80%EC%82%B0%20%EC%98%81%EB%8F%84%EA%B5%AC%20%EB%82%A8%ED%95%AD%EB%A1%9C%2026-10%20%EC%BB%A4%ED%94%BC%EB%AF%B8%EB%AF%B8,https://place.map.kakao.com/15957176,https://www.google.com/maps/search/?api=1&query=%EB%B6%80%EC%82%B0%20%EC%98%81%EB%8F%84%EA%B5%AC%20%EB%82%A8%ED%95%AD%EB%A1%9C%2026-10%20%EC%BB%A4%ED%94%BC%EB%AF%B8%EB%AF%B8
gangseo-kakao-1170926031,카페스이,busan,gangseo,부산 강서구 명지국제12로11번길 16-4,35.1060654,128.9227679,espresso_machine|specialty_coffee,B,admin_verified,2026-06-16,https://map.naver.com/p/search/%EB%B6%80%EC%82%B0%20%EA%B0%95%EC%84%9C%EA%B5%AC%20%EB%AA%85%EC%A7%80%EA%B5%AD%EC%A0%9C12%EB%A1%9C11%EB%B2%88%EA%B8%B8%2016-4%20%EC%B9%B4%ED%8E%98%EC%8A%A4%EC%9D%B4,https://place.map.kakao.com/1170926031,https://www.google.com/maps/search/?api=1&query=%EB%B6%80%EC%82%B0%20%EA%B0%95%EC%84%9C%EA%B5%AC%20%EB%AA%85%EC%A7%80%EA%B5%AD%EC%A0%9C12%EB%A1%9C11%EB%B2%88%EA%B8%B8%2016-4%20%EC%B9%B4%ED%8E%98%EC%8A%A4%EC%9D%B4
gangseo-kakao-1924530486,세븐아일랜드,busan,gangseo,부산 강서구 가덕해안로 560,35.0450902,128.8071998,espresso_machine|specialty_coffee,B,admin_verified,2026-06-16,https://map.naver.com/p/search/%EB%B6%80%EC%82%B0%20%EA%B0%95%EC%84%9C%EA%B5%AC%20%EA%B0%80%EB%8D%95%ED%95%B4%EC%95%88%EB%A1%9C%20560%20%EC%84%B8%EB%B8%90%EC%95%84%EC%9D%BC%EB%9E%9C%EB%93%9C,https://place.map.kakao.com/1924530486,https://www.google.com/maps/search/?api=1&query=%EB%B6%80%EC%82%B0%20%EA%B0%95%EC%84%9C%EA%B5%AC%20%EA%B0%80%EB%8D%95%ED%95%B4%EC%95%88%EB%A1%9C%20560%20%EC%84%B8%EB%B8%90%EC%95%84%EC%9D%BC%EB%9E%9C%EB%93%9C
gangseo-kakao-583657454,흐른,busan,gangseo,부산 강서구 식만로 112,35.2043783,128.9060973,espresso_machine|specialty_coffee,B,admin_verified,2026-06-16,https://map.naver.com/p/search/%EB%B6%80%EC%82%B0%20%EA%B0%95%EC%84%9C%EA%B5%AC%20%EC%8B%9D%EB%A7%8C%EB%A1%9C%20112%20%ED%9D%90%EB%A5%B8,https://place.map.kakao.com/583657454,https://www.google.com/maps/search/?api=1&query=%EB%B6%80%EC%82%B0%20%EA%B0%95%EC%84%9C%EA%B5%AC%20%EC%8B%9D%EB%A7%8C%EB%A1%9C%20112%20%ED%9D%90%EB%A5%B8
gangseo-kakao-951210066,오플로우,busan,gangseo,부산 강서구 가락대로 1206,35.1724946,128.9010327,espresso_machine|specialty_coffee,B,admin_verified,2026-06-16,https://map.naver.com/p/search/%EB%B6%80%EC%82%B0%20%EA%B0%95%EC%84%9C%EA%B5%AC%20%EA%B0%80%EB%9D%BD%EB%8C%80%EB%A1%9C%201206%20%EC%98%A4%ED%94%8C%EB%A1%9C%EC%9A%B0,https://place.map.kakao.com/951210066,https://www.google.com/maps/search/?api=1&query=%EB%B6%80%EC%82%B0%20%EA%B0%95%EC%84%9C%EA%B5%AC%20%EA%B0%80%EB%9D%BD%EB%8C%80%EB%A1%9C%201206%20%EC%98%A4%ED%94%8C%EB%A1%9C%EC%9A%B0
gangseo-kakao-1775749005,이프리오,busan,gangseo,부산 강서구 범방4로 32,35.1454455,128.8857494,espresso_machine|specialty_coffee,B,admin_verified,2026-06-16,https://map.naver.com/p/search/%EB%B6%80%EC%82%B0%20%EA%B0%95%EC%84%9C%EA%B5%AC%20%EB%B2%94%EB%B0%A94%EB%A1%9C%2032%20%EC%9D%B4%ED%94%84%EB%A6%AC%EC%98%A4,https://place.map.kakao.com/1775749005,https://www.google.com/maps/search/?api=1&query=%EB%B6%80%EC%82%B0%20%EA%B0%95%EC%84%9C%EA%B5%AC%20%EB%B2%94%EB%B0%A94%EB%A1%9C%2032%20%EC%9D%B4%ED%94%84%EB%A6%AC%EC%98%A4
yeonje-kakao-1726616696,보느파티쓰리,busan,yeonje,부산 연제구 교대로 7,35.1952612,129.0789317,espresso_machine|specialty_coffee,B,admin_verified,2026-06-16,https://map.naver.com/p/search/%EB%B6%80%EC%82%B0%20%EC%97%B0%EC%A0%9C%EA%B5%AC%20%EA%B5%90%EB%8C%80%EB%A1%9C%207%20%EB%B3%B4%EB%8A%90%ED%8C%8C%ED%8B%B0%EC%93%B0%EB%A6%AC,https://place.map.kakao.com/1726616696,https://www.google.com/maps/search/?api=1&query=%EB%B6%80%EC%82%B0%20%EC%97%B0%EC%A0%9C%EA%B5%AC%20%EA%B5%90%EB%8C%80%EB%A1%9C%207%20%EB%B3%B4%EB%8A%90%ED%8C%8C%ED%8B%B0%EC%93%B0%EB%A6%AC
gwangan-kakao-1936517592,노아브루어스,busan,gwangan,부산 수영구 광안로49번길 25-1,35.1563472,129.1181581,espresso_machine|specialty_coffee,B,admin_verified,2026-06-16,https://map.naver.com/p/search/%EB%B6%80%EC%82%B0%20%EC%88%98%EC%98%81%EA%B5%AC%20%EA%B4%91%EC%95%88%EB%A1%9C49%EB%B2%88%EA%B8%B8%2025-1%20%EB%85%B8%EC%95%84%EB%B8%8C%EB%A3%A8%EC%96%B4%EC%8A%A4,https://place.map.kakao.com/1936517592,https://www.google.com/maps/search/?api=1&query=%EB%B6%80%EC%82%B0%20%EC%88%98%EC%98%81%EA%B5%AC%20%EA%B4%91%EC%95%88%EB%A1%9C49%EB%B2%88%EA%B8%B8%2025-1%20%EB%85%B8%EC%95%84%EB%B8%8C%EB%A3%A8%EC%96%B4%EC%8A%A4
haeundae-kakao-486653257,카멜커피 신세계백화점 센텀시티몰,busan,haeundae,부산 해운대구 센텀4로 15,35.1698634,129.1282892,espresso_machine|specialty_coffee,B,admin_verified,2026-06-16,https://map.naver.com/p/search/%EB%B6%80%EC%82%B0%20%ED%95%B4%EC%9A%B4%EB%8C%80%EA%B5%AC%20%EC%84%BC%ED%85%804%EB%A1%9C%2015%20%EC%B9%B4%EB%A9%9C%EC%BB%A4%ED%94%BC%20%EC%8B%A0%EC%84%B8%EA%B3%84%EB%B0%B1%ED%99%94%EC%A0%90%20%EC%84%BC%ED%85%80%EC%8B%9C%ED%8B%B0%EB%AA%B0,https://place.map.kakao.com/486653257,https://www.google.com/maps/search/?api=1&query=%EB%B6%80%EC%82%B0%20%ED%95%B4%EC%9A%B4%EB%8C%80%EA%B5%AC%20%EC%84%BC%ED%85%804%EB%A1%9C%2015%20%EC%B9%B4%EB%A9%9C%EC%BB%A4%ED%94%BC%20%EC%8B%A0%EC%84%B8%EA%B3%84%EB%B0%B1%ED%99%94%EC%A0%90%20%EC%84%BC%ED%85%80%EC%8B%9C%ED%8B%B0%EB%AA%B0
gangseo-kakao-1134324141,그랜드하브,busan,gangseo,부산 강서구 가덕해안로 924,35.0225748,128.8187243,espresso_machine|specialty_coffee,B,admin_verified,2026-06-16,https://map.naver.com/p/search/%EB%B6%80%EC%82%B0%20%EA%B0%95%EC%84%9C%EA%B5%AC%20%EA%B0%80%EB%8D%95%ED%95%B4%EC%95%88%EB%A1%9C%20924%20%EA%B7%B8%EB%9E%9C%EB%93%9C%ED%95%98%EB%B8%8C,https://place.map.kakao.com/1134324141,https://www.google.com/maps/search/?api=1&query=%EB%B6%80%EC%82%B0%20%EA%B0%95%EC%84%9C%EA%B5%AC%20%EA%B0%80%EB%8D%95%ED%95%B4%EC%95%88%EB%A1%9C%20924%20%EA%B7%B8%EB%9E%9C%EB%93%9C%ED%95%98%EB%B8%8C
gijang-kakao-1679552434,코랄라니,busan,gijang,부산 기장군 기장읍 기장해안로 32,35.1823835,129.2089035,espresso_machine|specialty_coffee,B,admin_verified,2026-06-16,https://map.naver.com/p/search/%EB%B6%80%EC%82%B0%20%EA%B8%B0%EC%9E%A5%EA%B5%B0%20%EA%B8%B0%EC%9E%A5%EC%9D%8D%20%EA%B8%B0%EC%9E%A5%ED%95%B4%EC%95%88%EB%A1%9C%2032%20%EC%BD%94%EB%9E%84%EB%9D%BC%EB%8B%88,https://place.map.kakao.com/1679552434,https://www.google.com/maps/search/?api=1&query=%EB%B6%80%EC%82%B0%20%EA%B8%B0%EC%9E%A5%EA%B5%B0%20%EA%B8%B0%EC%9E%A5%EC%9D%8D%20%EA%B8%B0%EC%9E%A5%ED%95%B4%EC%95%88%EB%A1%9C%2032%20%EC%BD%94%EB%9E%84%EB%9D%BC%EB%8B%88
gangseo-kakao-867065189,SSJJ COFFEE BAR,busan,gangseo,부산 강서구 신호일로140번길 32,35.0801809,128.8794572,espresso_machine|specialty_coffee,B,admin_verified,2026-06-16,https://map.naver.com/p/search/%EB%B6%80%EC%82%B0%20%EA%B0%95%EC%84%9C%EA%B5%AC%20%EC%8B%A0%ED%98%B8%EC%9D%BC%EB%A1%9C140%EB%B2%88%EA%B8%B8%2032%20SSJJ%20COFFEE%20BAR,https://place.map.kakao.com/867065189,https://www.google.com/maps/search/?api=1&query=%EB%B6%80%EC%82%B0%20%EA%B0%95%EC%84%9C%EA%B5%AC%20%EC%8B%A0%ED%98%B8%EC%9D%BC%EB%A1%9C140%EB%B2%88%EA%B8%B8%2032%20SSJJ%20COFFEE%20BAR
gijang-kakao-625367644,뮤직컴플렉스서울 부산점,busan,gijang,부산 기장군 기장읍 동부산관광로 34,35.1939228,129.2139670,espresso_machine|specialty_coffee,B,admin_verified,2026-06-16,https://map.naver.com/p/search/%EB%B6%80%EC%82%B0%20%EA%B8%B0%EC%9E%A5%EA%B5%B0%20%EA%B8%B0%EC%9E%A5%EC%9D%8D%20%EB%8F%99%EB%B6%80%EC%82%B0%EA%B4%80%EA%B4%91%EB%A1%9C%2034%20%EB%AE%A4%EC%A7%81%EC%BB%B4%ED%94%8C%EB%A0%89%EC%8A%A4%EC%84%9C%EC%9A%B8%20%EB%B6%80%EC%82%B0%EC%A0%90,https://place.map.kakao.com/625367644,https://www.google.com/maps/search/?api=1&query=%EB%B6%80%EC%82%B0%20%EA%B8%B0%EC%9E%A5%EA%B5%B0%20%EA%B8%B0%EC%9E%A5%EC%9D%8D%20%EB%8F%99%EB%B6%80%EC%82%B0%EA%B4%80%EA%B4%91%EB%A1%9C%2034%20%EB%AE%A4%EC%A7%81%EC%BB%B4%ED%94%8C%EB%A0%89%EC%8A%A4%EC%84%9C%EC%9A%B8%20%EB%B6%80%EC%82%B0%EC%A0%90
gangseo-kakao-1788202165,브리타니,busan,gangseo,부산 강서구 가덕해안로 663,35.0375474,128.8128499,espresso_machine|specialty_coffee,B,admin_verified,2026-06-16,https://map.naver.com/p/search/%EB%B6%80%EC%82%B0%20%EA%B0%95%EC%84%9C%EA%B5%AC%20%EA%B0%80%EB%8D%95%ED%95%B4%EC%95%88%EB%A1%9C%20663%20%EB%B8%8C%EB%A6%AC%ED%83%80%EB%8B%88,https://place.map.kakao.com/1788202165,https://www.google.com/maps/search/?api=1&query=%EB%B6%80%EC%82%B0%20%EA%B0%95%EC%84%9C%EA%B5%AC%20%EA%B0%80%EB%8D%95%ED%95%B4%EC%95%88%EB%A1%9C%20663%20%EB%B8%8C%EB%A6%AC%ED%83%80%EB%8B%88
gijang-kakao-857253055,두루미베이커리카페,busan,gijang,부산 기장군 정관읍 곰내길 654-77,35.3129726,129.1749924,espresso_machine|specialty_coffee,B,admin_verified,2026-06-16,https://map.naver.com/p/search/%EB%B6%80%EC%82%B0%20%EA%B8%B0%EC%9E%A5%EA%B5%B0%20%EC%A0%95%EA%B4%80%EC%9D%8D%20%EA%B3%B0%EB%82%B4%EA%B8%B8%20654-77%20%EB%91%90%EB%A3%A8%EB%AF%B8%EB%B2%A0%EC%9D%B4%EC%BB%A4%EB%A6%AC%EC%B9%B4%ED%8E%98,https://place.map.kakao.com/857253055,https://www.google.com/maps/search/?api=1&query=%EB%B6%80%EC%82%B0%20%EA%B8%B0%EC%9E%A5%EA%B5%B0%20%EC%A0%95%EA%B4%80%EC%9D%8D%20%EA%B3%B0%EB%82%B4%EA%B8%B8%20654-77%20%EB%91%90%EB%A3%A8%EB%AF%B8%EB%B2%A0%EC%9D%B4%EC%BB%A4%EB%A6%AC%EC%B9%B4%ED%8E%98
jeonpo-kakao-1305235515,올드몬트베이글 부산,busan,jeonpo,부산 부산진구 동천로 58,35.1539362,129.0625795,espresso_machine|specialty_coffee,B,admin_verified,2026-06-16,https://map.naver.com/p/search/%EB%B6%80%EC%82%B0%20%EB%B6%80%EC%82%B0%EC%A7%84%EA%B5%AC%20%EB%8F%99%EC%B2%9C%EB%A1%9C%2058%20%EC%98%AC%EB%93%9C%EB%AA%AC%ED%8A%B8%EB%B2%A0%EC%9D%B4%EA%B8%80%20%EB%B6%80%EC%82%B0,https://place.map.kakao.com/1305235515,https://www.google.com/maps/search/?api=1&query=%EB%B6%80%EC%82%B0%20%EB%B6%80%EC%82%B0%EC%A7%84%EA%B5%AC%20%EB%8F%99%EC%B2%9C%EB%A1%9C%2058%20%EC%98%AC%EB%93%9C%EB%AA%AC%ED%8A%B8%EB%B2%A0%EC%9D%B4%EA%B8%80%20%EB%B6%80%EC%82%B0
haeundae-kakao-1802198612,오우야 에스프레소바 해리단길점,busan,haeundae,부산 해운대구 우동1로20번길 29,35.1644692,129.1581201,espresso_machine|specialty_coffee,B,admin_verified,2026-06-16,https://map.naver.com/p/search/%EB%B6%80%EC%82%B0%20%ED%95%B4%EC%9A%B4%EB%8C%80%EA%B5%AC%20%EC%9A%B0%EB%8F%991%EB%A1%9C20%EB%B2%88%EA%B8%B8%2029%20%EC%98%A4%EC%9A%B0%EC%95%BC%20%EC%97%90%EC%8A%A4%ED%94%84%EB%A0%88%EC%86%8C%EB%B0%94%20%ED%95%B4%EB%A6%AC%EB%8B%A8%EA%B8%B8%EC%A0%90,https://place.map.kakao.com/1802198612,https://www.google.com/maps/search/?api=1&query=%EB%B6%80%EC%82%B0%20%ED%95%B4%EC%9A%B4%EB%8C%80%EA%B5%AC%20%EC%9A%B0%EB%8F%991%EB%A1%9C20%EB%B2%88%EA%B8%B8%2029%20%EC%98%A4%EC%9A%B0%EC%95%BC%20%EC%97%90%EC%8A%A4%ED%94%84%EB%A0%88%EC%86%8C%EB%B0%94%20%ED%95%B4%EB%A6%AC%EB%8B%A8%EA%B8%B8%EC%A0%90
gangseo-kakao-1407794821,비아조,busan,gangseo,부산 강서구 식만로 164,35.2085010,128.9091407,espresso_machine|specialty_coffee,B,admin_verified,2026-06-16,https://map.naver.com/p/search/%EB%B6%80%EC%82%B0%20%EA%B0%95%EC%84%9C%EA%B5%AC%20%EC%8B%9D%EB%A7%8C%EB%A1%9C%20164%20%EB%B9%84%EC%95%84%EC%A1%B0,https://place.map.kakao.com/1407794821,https://www.google.com/maps/search/?api=1&query=%EB%B6%80%EC%82%B0%20%EA%B0%95%EC%84%9C%EA%B5%AC%20%EC%8B%9D%EB%A7%8C%EB%A1%9C%20164%20%EB%B9%84%EC%95%84%EC%A1%B0
haeundae-kakao-370454381,올드머그,busan,haeundae,부산 해운대구 송정구덕포길 122,35.1703192,129.1970144,espresso_machine|specialty_coffee,B,admin_verified,2026-06-16,https://map.naver.com/p/search/%EB%B6%80%EC%82%B0%20%ED%95%B4%EC%9A%B4%EB%8C%80%EA%B5%AC%20%EC%86%A1%EC%A0%95%EA%B5%AC%EB%8D%95%ED%8F%AC%EA%B8%B8%20122%20%EC%98%AC%EB%93%9C%EB%A8%B8%EA%B7%B8,https://place.map.kakao.com/370454381,https://www.google.com/maps/search/?api=1&query=%EB%B6%80%EC%82%B0%20%ED%95%B4%EC%9A%B4%EB%8C%80%EA%B5%AC%20%EC%86%A1%EC%A0%95%EA%B5%AC%EB%8D%95%ED%8F%AC%EA%B8%B8%20122%20%EC%98%AC%EB%93%9C%EB%A8%B8%EA%B7%B8
jeonpo-kakao-2073861584,커피스가모인서면,busan,jeonpo,부산 부산진구 가야대로755번길 23,35.1587392,129.0540013,espresso_machine|specialty_coffee,B,admin_verified,2026-06-16,https://map.naver.com/p/search/%EB%B6%80%EC%82%B0%20%EB%B6%80%EC%82%B0%EC%A7%84%EA%B5%AC%20%EA%B0%80%EC%95%BC%EB%8C%80%EB%A1%9C755%EB%B2%88%EA%B8%B8%2023%20%EC%BB%A4%ED%94%BC%EC%8A%A4%EA%B0%80%EB%AA%A8%EC%9D%B8%EC%84%9C%EB%A9%B4,https://place.map.kakao.com/2073861584,https://www.google.com/maps/search/?api=1&query=%EB%B6%80%EC%82%B0%20%EB%B6%80%EC%82%B0%EC%A7%84%EA%B5%AC%20%EA%B0%80%EC%95%BC%EB%8C%80%EB%A1%9C755%EB%B2%88%EA%B8%B8%2023%20%EC%BB%A4%ED%94%BC%EC%8A%A4%EA%B0%80%EB%AA%A8%EC%9D%B8%EC%84%9C%EB%A9%B4
jung-kakao-19041969,바우노바커피,busan,jung,부산 중구 광복로97번길 6,35.0991702,129.0355226,espresso_machine|specialty_coffee,B,admin_verified,2026-06-16,https://map.naver.com/p/search/%EB%B6%80%EC%82%B0%20%EC%A4%91%EA%B5%AC%20%EA%B4%91%EB%B3%B5%EB%A1%9C97%EB%B2%88%EA%B8%B8%206%20%EB%B0%94%EC%9A%B0%EB%85%B8%EB%B0%94%EC%BB%A4%ED%94%BC,https://place.map.kakao.com/19041969,https://www.google.com/maps/search/?api=1&query=%EB%B6%80%EC%82%B0%20%EC%A4%91%EA%B5%AC%20%EA%B4%91%EB%B3%B5%EB%A1%9C97%EB%B2%88%EA%B8%B8%206%20%EB%B0%94%EC%9A%B0%EB%85%B8%EB%B0%94%EC%BB%A4%ED%94%BC
jung-kakao-2071981011,바우노바 백산점,busan,jung,부산 중구 백산길 9,35.1020915,129.0343627,espresso_machine|specialty_coffee,B,admin_verified,2026-06-16,https://map.naver.com/p/search/%EB%B6%80%EC%82%B0%20%EC%A4%91%EA%B5%AC%20%EB%B0%B1%EC%82%B0%EA%B8%B8%209%20%EB%B0%94%EC%9A%B0%EB%85%B8%EB%B0%94%20%EB%B0%B1%EC%82%B0%EC%A0%90,https://place.map.kakao.com/2071981011,https://www.google.com/maps/search/?api=1&query=%EB%B6%80%EC%82%B0%20%EC%A4%91%EA%B5%AC%20%EB%B0%B1%EC%82%B0%EA%B8%B8%209%20%EB%B0%94%EC%9A%B0%EB%85%B8%EB%B0%94%20%EB%B0%B1%EC%82%B0%EC%A0%90
yeonje-kakao-86013644,구자윤과자점 교대점,busan,yeonje,부산 연제구 세병로 29,35.1910014,129.0837016,espresso_machine|specialty_coffee,B,admin_verified,2026-06-16,https://map.naver.com/p/search/%EB%B6%80%EC%82%B0%20%EC%97%B0%EC%A0%9C%EA%B5%AC%20%EC%84%B8%EB%B3%91%EB%A1%9C%2029%20%EA%B5%AC%EC%9E%90%EC%9C%A4%EA%B3%BC%EC%9E%90%EC%A0%90%20%EA%B5%90%EB%8C%80%EC%A0%90,https://place.map.kakao.com/86013644,https://www.google.com/maps/search/?api=1&query=%EB%B6%80%EC%82%B0%20%EC%97%B0%EC%A0%9C%EA%B5%AC%20%EC%84%B8%EB%B3%91%EB%A1%9C%2029%20%EA%B5%AC%EC%9E%90%EC%9C%A4%EA%B3%BC%EC%9E%90%EC%A0%90%20%EA%B5%90%EB%8C%80%EC%A0%90
yeonje-kakao-1871024062,라운지,busan,yeonje,부산 연제구 중앙대로1056번길 13,35.1825247,129.0796390,espresso_machine|specialty_coffee,B,admin_verified,2026-06-16,https://map.naver.com/p/search/%EB%B6%80%EC%82%B0%20%EC%97%B0%EC%A0%9C%EA%B5%AC%20%EC%A4%91%EC%95%99%EB%8C%80%EB%A1%9C1056%EB%B2%88%EA%B8%B8%2013%20%EB%9D%BC%EC%9A%B4%EC%A7%80,https://place.map.kakao.com/1871024062,https://www.google.com/maps/search/?api=1&query=%EB%B6%80%EC%82%B0%20%EC%97%B0%EC%A0%9C%EA%B5%AC%20%EC%A4%91%EC%95%99%EB%8C%80%EB%A1%9C1056%EB%B2%88%EA%B8%B8%2013%20%EB%9D%BC%EC%9A%B4%EC%A7%80
gwangan-kakao-752977632,테라로사 수영점,busan,gwangan,부산 수영구 구락로123번길 20,35.1766045,129.1146843,espresso_machine|specialty_coffee,B,admin_verified,2026-06-16,https://map.naver.com/p/search/%EB%B6%80%EC%82%B0%20%EC%88%98%EC%98%81%EA%B5%AC%20%EA%B5%AC%EB%9D%BD%EB%A1%9C123%EB%B2%88%EA%B8%B8%2020%20%ED%85%8C%EB%9D%BC%EB%A1%9C%EC%82%AC%20%EC%88%98%EC%98%81%EC%A0%90,https://place.map.kakao.com/752977632,https://www.google.com/maps/search/?api=1&query=%EB%B6%80%EC%82%B0%20%EC%88%98%EC%98%81%EA%B5%AC%20%EA%B5%AC%EB%9D%BD%EB%A1%9C123%EB%B2%88%EA%B8%B8%2020%20%ED%85%8C%EB%9D%BC%EB%A1%9C%EC%82%AC%20%EC%88%98%EC%98%81%EC%A0%90
gwangan-kakao-860771674,오우커커피바,busan,gwangan,부산 수영구 수영로660번길 43,35.1642185,129.1178136,espresso_machine|specialty_coffee,B,admin_verified,2026-06-16,https://map.naver.com/p/search/%EB%B6%80%EC%82%B0%20%EC%88%98%EC%98%81%EA%B5%AC%20%EC%88%98%EC%98%81%EB%A1%9C660%EB%B2%88%EA%B8%B8%2043%20%EC%98%A4%EC%9A%B0%EC%BB%A4%EC%BB%A4%ED%94%BC%EB%B0%94,https://place.map.kakao.com/860771674,https://www.google.com/maps/search/?api=1&query=%EB%B6%80%EC%82%B0%20%EC%88%98%EC%98%81%EA%B5%AC%20%EC%88%98%EC%98%81%EB%A1%9C660%EB%B2%88%EA%B8%B8%2043%20%EC%98%A4%EC%9A%B0%EC%BB%A4%EC%BB%A4%ED%94%BC%EB%B0%94
geumjeong-kakao-1873488117,아이리,busan,geumjeong,부산 금정구 땅곡길 94-1,35.2538544,129.0514595,espresso_machine|specialty_coffee,B,admin_verified,2026-06-16,https://map.naver.com/p/search/%EB%B6%80%EC%82%B0%20%EA%B8%88%EC%A0%95%EA%B5%AC%20%EB%95%85%EA%B3%A1%EA%B8%B8%2094-1%20%EC%95%84%EC%9D%B4%EB%A6%AC,https://place.map.kakao.com/1873488117,https://www.google.com/maps/search/?api=1&query=%EB%B6%80%EC%82%B0%20%EA%B8%88%EC%A0%95%EA%B5%AC%20%EB%95%85%EA%B3%A1%EA%B8%B8%2094-1%20%EC%95%84%EC%9D%B4%EB%A6%AC
saha-kakao-1484394628,카페만디,busan,saha,부산 사하구 오작로 104-7,35.1003428,129.0047521,espresso_machine|specialty_coffee,B,admin_verified,2026-06-16,https://map.naver.com/p/search/%EB%B6%80%EC%82%B0%20%EC%82%AC%ED%95%98%EA%B5%AC%20%EC%98%A4%EC%9E%91%EB%A1%9C%20104-7%20%EC%B9%B4%ED%8E%98%EB%A7%8C%EB%94%94,https://place.map.kakao.com/1484394628,https://www.google.com/maps/search/?api=1&query=%EB%B6%80%EC%82%B0%20%EC%82%AC%ED%95%98%EA%B5%AC%20%EC%98%A4%EC%9E%91%EB%A1%9C%20104-7%20%EC%B9%B4%ED%8E%98%EB%A7%8C%EB%94%94
gwangan-kakao-1371484625,그린노마드,busan,gwangan,부산 수영구 좌수영로 161-10,35.1783739,129.1167716,espresso_machine|specialty_coffee,B,admin_verified,2026-06-16,https://map.naver.com/p/search/%EB%B6%80%EC%82%B0%20%EC%88%98%EC%98%81%EA%B5%AC%20%EC%A2%8C%EC%88%98%EC%98%81%EB%A1%9C%20161-10%20%EA%B7%B8%EB%A6%B0%EB%85%B8%EB%A7%88%EB%93%9C,https://place.map.kakao.com/1371484625,https://www.google.com/maps/search/?api=1&query=%EB%B6%80%EC%82%B0%20%EC%88%98%EC%98%81%EA%B5%AC%20%EC%A2%8C%EC%88%98%EC%98%81%EB%A1%9C%20161-10%20%EA%B7%B8%EB%A6%B0%EB%85%B8%EB%A7%88%EB%93%9C
gangseo-kakao-2111691321,토북베이커리카페,busan,gangseo,부산 강서구 낙동남로 526-1,35.1118704,128.8778554,espresso_machine|specialty_coffee,B,admin_verified,2026-06-16,https://map.naver.com/p/search/%EB%B6%80%EC%82%B0%20%EA%B0%95%EC%84%9C%EA%B5%AC%20%EB%82%99%EB%8F%99%EB%82%A8%EB%A1%9C%20526-1%20%ED%86%A0%EB%B6%81%EB%B2%A0%EC%9D%B4%EC%BB%A4%EB%A6%AC%EC%B9%B4%ED%8E%98,https://place.map.kakao.com/2111691321,https://www.google.com/maps/search/?api=1&query=%EB%B6%80%EC%82%B0%20%EA%B0%95%EC%84%9C%EA%B5%AC%20%EB%82%99%EB%8F%99%EB%82%A8%EB%A1%9C%20526-1%20%ED%86%A0%EB%B6%81%EB%B2%A0%EC%9D%B4%EC%BB%A4%EB%A6%AC%EC%B9%B4%ED%8E%98
jung-kakao-1581568498,연경재,busan,jung,부산 중구 중앙대로29번길 6,35.1003787,129.0358947,espresso_machine|specialty_coffee,B,admin_verified,2026-06-16,https://map.naver.com/p/search/%EB%B6%80%EC%82%B0%20%EC%A4%91%EA%B5%AC%20%EC%A4%91%EC%95%99%EB%8C%80%EB%A1%9C29%EB%B2%88%EA%B8%B8%206%20%EC%97%B0%EA%B2%BD%EC%9E%AC,https://place.map.kakao.com/1581568498,https://www.google.com/maps/search/?api=1&query=%EB%B6%80%EC%82%B0%20%EC%A4%91%EA%B5%AC%20%EC%A4%91%EC%95%99%EB%8C%80%EB%A1%9C29%EB%B2%88%EA%B8%B8%206%20%EC%97%B0%EA%B2%BD%EC%9E%AC
haeundae-kakao-1972982287,슬로윈드,busan,haeundae,부산 해운대구 송정강변로 23,35.1835415,129.2052952,espresso_machine|specialty_coffee,B,admin_verified,2026-06-16,https://map.naver.com/p/search/%EB%B6%80%EC%82%B0%20%ED%95%B4%EC%9A%B4%EB%8C%80%EA%B5%AC%20%EC%86%A1%EC%A0%95%EA%B0%95%EB%B3%80%EB%A1%9C%2023%20%EC%8A%AC%EB%A1%9C%EC%9C%88%EB%93%9C,https://place.map.kakao.com/1972982287,https://www.google.com/maps/search/?api=1&query=%EB%B6%80%EC%82%B0%20%ED%95%B4%EC%9A%B4%EB%8C%80%EA%B5%AC%20%EC%86%A1%EC%A0%95%EA%B0%95%EB%B3%80%EB%A1%9C%2023%20%EC%8A%AC%EB%A1%9C%EC%9C%88%EB%93%9C
yeongdo-kakao-1905406624,미피카페 부산점,busan,yeongdo,부산 영도구 와치로51번길 2,35.0880896,129.0608934,espresso_machine|specialty_coffee,B,admin_verified,2026-06-16,https://map.naver.com/p/search/%EB%B6%80%EC%82%B0%20%EC%98%81%EB%8F%84%EA%B5%AC%20%EC%99%80%EC%B9%98%EB%A1%9C51%EB%B2%88%EA%B8%B8%202%20%EB%AF%B8%ED%94%BC%EC%B9%B4%ED%8E%98%20%EB%B6%80%EC%82%B0%EC%A0%90,https://place.map.kakao.com/1905406624,https://www.google.com/maps/search/?api=1&query=%EB%B6%80%EC%82%B0%20%EC%98%81%EB%8F%84%EA%B5%AC%20%EC%99%80%EC%B9%98%EB%A1%9C51%EB%B2%88%EA%B8%B8%202%20%EB%AF%B8%ED%94%BC%EC%B9%B4%ED%8E%98%20%EB%B6%80%EC%82%B0%EC%A0%90
yeonje-kakao-1218789741,리슨페이지,busan,yeonje,부산 연제구 중앙천로73번길 4,35.1805299,129.0801457,espresso_machine|specialty_coffee,B,admin_verified,2026-06-16,https://map.naver.com/p/search/%EB%B6%80%EC%82%B0%20%EC%97%B0%EC%A0%9C%EA%B5%AC%20%EC%A4%91%EC%95%99%EC%B2%9C%EB%A1%9C73%EB%B2%88%EA%B8%B8%204%20%EB%A6%AC%EC%8A%A8%ED%8E%98%EC%9D%B4%EC%A7%80,https://place.map.kakao.com/1218789741,https://www.google.com/maps/search/?api=1&query=%EB%B6%80%EC%82%B0%20%EC%97%B0%EC%A0%9C%EA%B5%AC%20%EC%A4%91%EC%95%99%EC%B2%9C%EB%A1%9C73%EB%B2%88%EA%B8%B8%204%20%EB%A6%AC%EC%8A%A8%ED%8E%98%EC%9D%B4%EC%A7%80
geumjeong-kakao-1640572395,남산목,busan,geumjeong,부산 금정구 금강로611번길 8,35.2625800,129.0877569,espresso_machine|specialty_coffee,B,admin_verified,2026-06-16,https://map.naver.com/p/search/%EB%B6%80%EC%82%B0%20%EA%B8%88%EC%A0%95%EA%B5%AC%20%EA%B8%88%EA%B0%95%EB%A1%9C611%EB%B2%88%EA%B8%B8%208%20%EB%82%A8%EC%82%B0%EB%AA%A9,https://place.map.kakao.com/1640572395,https://www.google.com/maps/search/?api=1&query=%EB%B6%80%EC%82%B0%20%EA%B8%88%EC%A0%95%EA%B5%AC%20%EA%B8%88%EA%B0%95%EB%A1%9C611%EB%B2%88%EA%B8%B8%208%20%EB%82%A8%EC%82%B0%EB%AA%A9
nam-kakao-994996379,블루뱅 황령산점,busan,nam,부산 남구 황령산로 391-39,35.1578739,129.0827156,espresso_machine|specialty_coffee,B,admin_verified,2026-06-16,https://map.naver.com/p/search/%EB%B6%80%EC%82%B0%20%EB%82%A8%EA%B5%AC%20%ED%99%A9%EB%A0%B9%EC%82%B0%EB%A1%9C%20391-39%20%EB%B8%94%EB%A3%A8%EB%B1%85%20%ED%99%A9%EB%A0%B9%EC%82%B0%EC%A0%90,https://place.map.kakao.com/994996379,https://www.google.com/maps/search/?api=1&query=%EB%B6%80%EC%82%B0%20%EB%82%A8%EA%B5%AC%20%ED%99%A9%EB%A0%B9%EC%82%B0%EB%A1%9C%20391-39%20%EB%B8%94%EB%A3%A8%EB%B1%85%20%ED%99%A9%EB%A0%B9%EC%82%B0%EC%A0%90
gwangan-kakao-138367180,커피당,busan,gwangan,부산 수영구 민락본동로31번길 14,35.1594398,129.1276225,espresso_machine|specialty_coffee,B,admin_verified,2026-06-16,https://map.naver.com/p/search/%EB%B6%80%EC%82%B0%20%EC%88%98%EC%98%81%EA%B5%AC%20%EB%AF%BC%EB%9D%BD%EB%B3%B8%EB%8F%99%EB%A1%9C31%EB%B2%88%EA%B8%B8%2014%20%EC%BB%A4%ED%94%BC%EB%8B%B9,https://place.map.kakao.com/138367180,https://www.google.com/maps/search/?api=1&query=%EB%B6%80%EC%82%B0%20%EC%88%98%EC%98%81%EA%B5%AC%20%EB%AF%BC%EB%9D%BD%EB%B3%B8%EB%8F%99%EB%A1%9C31%EB%B2%88%EA%B8%B8%2014%20%EC%BB%A4%ED%94%BC%EB%8B%B9
sasang-kakao-10144322,우디브룩,busan,sasang,부산 사상구 학감대로 2,35.1344232,128.9983341,espresso_machine|specialty_coffee,B,admin_verified,2026-06-16,https://map.naver.com/p/search/%EB%B6%80%EC%82%B0%20%EC%82%AC%EC%83%81%EA%B5%AC%20%ED%95%99%EA%B0%90%EB%8C%80%EB%A1%9C%202%20%EC%9A%B0%EB%94%94%EB%B8%8C%EB%A3%A9,https://place.map.kakao.com/10144322,https://www.google.com/maps/search/?api=1&query=%EB%B6%80%EC%82%B0%20%EC%82%AC%EC%83%81%EA%B5%AC%20%ED%95%99%EA%B0%90%EB%8C%80%EB%A1%9C%202%20%EC%9A%B0%EB%94%94%EB%B8%8C%EB%A3%A9
gangseo-kakao-1806448595,어라우즈로스터리,busan,gangseo,부산 강서구 르노삼성대로 630,35.1040630,128.9303620,espresso_machine|specialty_coffee,B,admin_verified,2026-06-16,https://map.naver.com/p/search/%EB%B6%80%EC%82%B0%20%EA%B0%95%EC%84%9C%EA%B5%AC%20%EB%A5%B4%EB%85%B8%EC%82%BC%EC%84%B1%EB%8C%80%EB%A1%9C%20630%20%EC%96%B4%EB%9D%BC%EC%9A%B0%EC%A6%88%EB%A1%9C%EC%8A%A4%ED%84%B0%EB%A6%AC,https://place.map.kakao.com/1806448595,https://www.google.com/maps/search/?api=1&query=%EB%B6%80%EC%82%B0%20%EA%B0%95%EC%84%9C%EA%B5%AC%20%EB%A5%B4%EB%85%B8%EC%82%BC%EC%84%B1%EB%8C%80%EB%A1%9C%20630%20%EC%96%B4%EB%9D%BC%EC%9A%B0%EC%A6%88%EB%A1%9C%EC%8A%A4%ED%84%B0%EB%A6%AC
gijang-kakao-102017076,아틀리에은유재,busan,gijang,부산 기장군 장안읍 기룡2길 70-4,35.3560145,129.2456630,espresso_machine|specialty_coffee,B,admin_verified,2026-06-16,https://map.naver.com/p/search/%EB%B6%80%EC%82%B0%20%EA%B8%B0%EC%9E%A5%EA%B5%B0%20%EC%9E%A5%EC%95%88%EC%9D%8D%20%EA%B8%B0%EB%A3%A12%EA%B8%B8%2070-4%20%EC%95%84%ED%8B%80%EB%A6%AC%EC%97%90%EC%9D%80%EC%9C%A0%EC%9E%AC,https://place.map.kakao.com/102017076,https://www.google.com/maps/search/?api=1&query=%EB%B6%80%EC%82%B0%20%EA%B8%B0%EC%9E%A5%EA%B5%B0%20%EC%9E%A5%EC%95%88%EC%9D%8D%20%EA%B8%B0%EB%A3%A12%EA%B8%B8%2070-4%20%EC%95%84%ED%8B%80%EB%A6%AC%EC%97%90%EC%9D%80%EC%9C%A0%EC%9E%AC
yeonje-kakao-1638177614,디저트시네마,busan,yeonje,부산 연제구 쌍미천로 32-1,35.1762641,129.0904900,espresso_machine|specialty_coffee,B,admin_verified,2026-06-16,https://map.naver.com/p/search/%EB%B6%80%EC%82%B0%20%EC%97%B0%EC%A0%9C%EA%B5%AC%20%EC%8C%8D%EB%AF%B8%EC%B2%9C%EB%A1%9C%2032-1%20%EB%94%94%EC%A0%80%ED%8A%B8%EC%8B%9C%EB%84%A4%EB%A7%88,https://place.map.kakao.com/1638177614,https://www.google.com/maps/search/?api=1&query=%EB%B6%80%EC%82%B0%20%EC%97%B0%EC%A0%9C%EA%B5%AC%20%EC%8C%8D%EB%AF%B8%EC%B2%9C%EB%A1%9C%2032-1%20%EB%94%94%EC%A0%80%ED%8A%B8%EC%8B%9C%EB%84%A4%EB%A7%88
haeundae-kakao-1445355520,까사부사노 해운대점,busan,haeundae,부산 해운대구 구남로 17-1,35.1624615,129.1601432,espresso_machine|specialty_coffee,B,admin_verified,2026-06-16,https://map.naver.com/p/search/%EB%B6%80%EC%82%B0%20%ED%95%B4%EC%9A%B4%EB%8C%80%EA%B5%AC%20%EA%B5%AC%EB%82%A8%EB%A1%9C%2017-1%20%EA%B9%8C%EC%82%AC%EB%B6%80%EC%82%AC%EB%85%B8%20%ED%95%B4%EC%9A%B4%EB%8C%80%EC%A0%90,https://place.map.kakao.com/1445355520,https://www.google.com/maps/search/?api=1&query=%EB%B6%80%EC%82%B0%20%ED%95%B4%EC%9A%B4%EB%8C%80%EA%B5%AC%20%EA%B5%AC%EB%82%A8%EB%A1%9C%2017-1%20%EA%B9%8C%EC%82%AC%EB%B6%80%EC%82%AC%EB%85%B8%20%ED%95%B4%EC%9A%B4%EB%8C%80%EC%A0%90
dong-kakao-210346769,초량온당,busan,dong,부산 동구 초량중로 135,35.1234186,129.0415443,espresso_machine|specialty_coffee,B,admin_verified,2026-06-16,https://map.naver.com/p/search/%EB%B6%80%EC%82%B0%20%EB%8F%99%EA%B5%AC%20%EC%B4%88%EB%9F%89%EC%A4%91%EB%A1%9C%20135%20%EC%B4%88%EB%9F%89%EC%98%A8%EB%8B%B9,https://place.map.kakao.com/210346769,https://www.google.com/maps/search/?api=1&query=%EB%B6%80%EC%82%B0%20%EB%8F%99%EA%B5%AC%20%EC%B4%88%EB%9F%89%EC%A4%91%EB%A1%9C%20135%20%EC%B4%88%EB%9F%89%EC%98%A8%EB%8B%B9
yeonje-kakao-841248027,에타리 교대본점,busan,yeonje,부산 연제구 교대로 18-1,35.1956162,129.0777815,espresso_machine|specialty_coffee,B,admin_verified,2026-06-16,https://map.naver.com/p/search/%EB%B6%80%EC%82%B0%20%EC%97%B0%EC%A0%9C%EA%B5%AC%20%EA%B5%90%EB%8C%80%EB%A1%9C%2018-1%20%EC%97%90%ED%83%80%EB%A6%AC%20%EA%B5%90%EB%8C%80%EB%B3%B8%EC%A0%90,https://place.map.kakao.com/841248027,https://www.google.com/maps/search/?api=1&query=%EB%B6%80%EC%82%B0%20%EC%97%B0%EC%A0%9C%EA%B5%AC%20%EA%B5%90%EB%8C%80%EB%A1%9C%2018-1%20%EC%97%90%ED%83%80%EB%A6%AC%20%EA%B5%90%EB%8C%80%EB%B3%B8%EC%A0%90
jeonpo-kakao-234742689,어나더미네스,busan,jeonpo,부산 부산진구 서전로38번길 43-13,35.1558231,129.0645979,espresso_machine|specialty_coffee,B,admin_verified,2026-06-16,https://map.naver.com/p/search/%EB%B6%80%EC%82%B0%20%EB%B6%80%EC%82%B0%EC%A7%84%EA%B5%AC%20%EC%84%9C%EC%A0%84%EB%A1%9C38%EB%B2%88%EA%B8%B8%2043-13%20%EC%96%B4%EB%82%98%EB%8D%94%EB%AF%B8%EB%84%A4%EC%8A%A4,https://place.map.kakao.com/234742689,https://www.google.com/maps/search/?api=1&query=%EB%B6%80%EC%82%B0%20%EB%B6%80%EC%82%B0%EC%A7%84%EA%B5%AC%20%EC%84%9C%EC%A0%84%EB%A1%9C38%EB%B2%88%EA%B8%B8%2043-13%20%EC%96%B4%EB%82%98%EB%8D%94%EB%AF%B8%EB%84%A4%EC%8A%A4
yeongdo-kakao-9240981,양다방,busan,yeongdo,부산 영도구 대평로 49,35.0928435,129.0327558,espresso_machine|specialty_coffee,B,admin_verified,2026-06-16,https://map.naver.com/p/search/%EB%B6%80%EC%82%B0%20%EC%98%81%EB%8F%84%EA%B5%AC%20%EB%8C%80%ED%8F%89%EB%A1%9C%2049%20%EC%96%91%EB%8B%A4%EB%B0%A9,https://place.map.kakao.com/9240981,https://www.google.com/maps/search/?api=1&query=%EB%B6%80%EC%82%B0%20%EC%98%81%EB%8F%84%EA%B5%AC%20%EB%8C%80%ED%8F%89%EB%A1%9C%2049%20%EC%96%91%EB%8B%A4%EB%B0%A9
yeongdo-kakao-2113299379,리스보아,busan,yeongdo,부산 영도구 절영로 198,35.0796782,129.0439573,espresso_machine|specialty_coffee,B,admin_verified,2026-06-16,https://map.naver.com/p/search/%EB%B6%80%EC%82%B0%20%EC%98%81%EB%8F%84%EA%B5%AC%20%EC%A0%88%EC%98%81%EB%A1%9C%20198%20%EB%A6%AC%EC%8A%A4%EB%B3%B4%EC%95%84,https://place.map.kakao.com/2113299379,https://www.google.com/maps/search/?api=1&query=%EB%B6%80%EC%82%B0%20%EC%98%81%EB%8F%84%EA%B5%AC%20%EC%A0%88%EC%98%81%EB%A1%9C%20198%20%EB%A6%AC%EC%8A%A4%EB%B3%B4%EC%95%84
yeongdo-kakao-1783019185,스릴온더머그,busan,yeongdo,부산 영도구 해양힐링로 55,35.0598689,129.0714460,espresso_machine|specialty_coffee,B,admin_verified,2026-06-16,https://map.naver.com/p/search/%EB%B6%80%EC%82%B0%20%EC%98%81%EB%8F%84%EA%B5%AC%20%ED%95%B4%EC%96%91%ED%9E%90%EB%A7%81%EB%A1%9C%2055%20%EC%8A%A4%EB%A6%B4%EC%98%A8%EB%8D%94%EB%A8%B8%EA%B7%B8,https://place.map.kakao.com/1783019185,https://www.google.com/maps/search/?api=1&query=%EB%B6%80%EC%82%B0%20%EC%98%81%EB%8F%84%EA%B5%AC%20%ED%95%B4%EC%96%91%ED%9E%90%EB%A7%81%EB%A1%9C%2055%20%EC%8A%A4%EB%A6%B4%EC%98%A8%EB%8D%94%EB%A8%B8%EA%B7%B8
jung-kakao-874820539,파로스,busan,jung,부산 중구 망양로331번길 5,35.1073289,129.0292159,espresso_machine|specialty_coffee,B,admin_verified,2026-06-16,https://map.naver.com/p/search/%EB%B6%80%EC%82%B0%20%EC%A4%91%EA%B5%AC%20%EB%A7%9D%EC%96%91%EB%A1%9C331%EB%B2%88%EA%B8%B8%205%20%ED%8C%8C%EB%A1%9C%EC%8A%A4,https://place.map.kakao.com/874820539,https://www.google.com/maps/search/?api=1&query=%EB%B6%80%EC%82%B0%20%EC%A4%91%EA%B5%AC%20%EB%A7%9D%EC%96%91%EB%A1%9C331%EB%B2%88%EA%B8%B8%205%20%ED%8C%8C%EB%A1%9C%EC%8A%A4
haeundae-kakao-744251168,디비에이,busan,haeundae,부산 해운대구 송정광어골로 86,35.1738863,129.1962983,espresso_machine|specialty_coffee,B,admin_verified,2026-06-16,https://map.naver.com/p/search/%EB%B6%80%EC%82%B0%20%ED%95%B4%EC%9A%B4%EB%8C%80%EA%B5%AC%20%EC%86%A1%EC%A0%95%EA%B4%91%EC%96%B4%EA%B3%A8%EB%A1%9C%2086%20%EB%94%94%EB%B9%84%EC%97%90%EC%9D%B4,https://place.map.kakao.com/744251168,https://www.google.com/maps/search/?api=1&query=%EB%B6%80%EC%82%B0%20%ED%95%B4%EC%9A%B4%EB%8C%80%EA%B5%AC%20%EC%86%A1%EC%A0%95%EA%B4%91%EC%96%B4%EA%B3%A8%EB%A1%9C%2086%20%EB%94%94%EB%B9%84%EC%97%90%EC%9D%B4
haeundae-kakao-1943953759,루아앤티그리,busan,haeundae,부산 해운대구 청사포로67번길 99,35.1623606,129.1924285,espresso_machine|specialty_coffee,B,admin_verified,2026-06-16,https://map.naver.com/p/search/%EB%B6%80%EC%82%B0%20%ED%95%B4%EC%9A%B4%EB%8C%80%EA%B5%AC%20%EC%B2%AD%EC%82%AC%ED%8F%AC%EB%A1%9C67%EB%B2%88%EA%B8%B8%2099%20%EB%A3%A8%EC%95%84%EC%95%A4%ED%8B%B0%EA%B7%B8%EB%A6%AC,https://place.map.kakao.com/1943953759,https://www.google.com/maps/search/?api=1&query=%EB%B6%80%EC%82%B0%20%ED%95%B4%EC%9A%B4%EB%8C%80%EA%B5%AC%20%EC%B2%AD%EC%82%AC%ED%8F%AC%EB%A1%9C67%EB%B2%88%EA%B8%B8%2099%20%EB%A3%A8%EC%95%84%EC%95%A4%ED%8B%B0%EA%B7%B8%EB%A6%AC
haeundae-kakao-104304792,달맞이체코빵,busan,haeundae,부산 해운대구 달맞이길 193,35.1583485,129.1824672,espresso_machine|specialty_coffee,B,admin_verified,2026-06-16,https://map.naver.com/p/search/%EB%B6%80%EC%82%B0%20%ED%95%B4%EC%9A%B4%EB%8C%80%EA%B5%AC%20%EB%8B%AC%EB%A7%9E%EC%9D%B4%EA%B8%B8%20193%20%EB%8B%AC%EB%A7%9E%EC%9D%B4%EC%B2%B4%EC%BD%94%EB%B9%B5,https://place.map.kakao.com/104304792,https://www.google.com/maps/search/?api=1&query=%EB%B6%80%EC%82%B0%20%ED%95%B4%EC%9A%B4%EB%8C%80%EA%B5%AC%20%EB%8B%AC%EB%A7%9E%EC%9D%B4%EA%B8%B8%20193%20%EB%8B%AC%EB%A7%9E%EC%9D%B4%EC%B2%B4%EC%BD%94%EB%B9%B5
jung-kakao-1900802771,노티스,busan,jung,부산 중구 대교로 135,35.1021849,129.0373827,espresso_machine|specialty_coffee,B,admin_verified,2026-06-16,https://map.naver.com/p/search/%EB%B6%80%EC%82%B0%20%EC%A4%91%EA%B5%AC%20%EB%8C%80%EA%B5%90%EB%A1%9C%20135%20%EB%85%B8%ED%8B%B0%EC%8A%A4,https://place.map.kakao.com/1900802771,https://www.google.com/maps/search/?api=1&query=%EB%B6%80%EC%82%B0%20%EC%A4%91%EA%B5%AC%20%EB%8C%80%EA%B5%90%EB%A1%9C%20135%20%EB%85%B8%ED%8B%B0%EC%8A%A4
jung-kakao-663990938,레귤러하우스 남포점,busan,jung,부산 중구 중구로40번길 22,35.1013878,129.0301081,espresso_machine|specialty_coffee,B,admin_verified,2026-06-16,https://map.naver.com/p/search/%EB%B6%80%EC%82%B0%20%EC%A4%91%EA%B5%AC%20%EC%A4%91%EA%B5%AC%EB%A1%9C40%EB%B2%88%EA%B8%B8%2022%20%EB%A0%88%EA%B7%A4%EB%9F%AC%ED%95%98%EC%9A%B0%EC%8A%A4%20%EB%82%A8%ED%8F%AC%EC%A0%90,https://place.map.kakao.com/663990938,https://www.google.com/maps/search/?api=1&query=%EB%B6%80%EC%82%B0%20%EC%A4%91%EA%B5%AC%20%EC%A4%91%EA%B5%AC%EB%A1%9C40%EB%B2%88%EA%B8%B8%2022%20%EB%A0%88%EA%B7%A4%EB%9F%AC%ED%95%98%EC%9A%B0%EC%8A%A4%20%EB%82%A8%ED%8F%AC%EC%A0%90
gwangan-kakao-534701229,우당탕커피스토리,busan,gwangan,부산 수영구 연수로392번길 52,35.1674939,129.1104493,espresso_machine|specialty_coffee,B,admin_verified,2026-06-16,https://map.naver.com/p/search/%EB%B6%80%EC%82%B0%20%EC%88%98%EC%98%81%EA%B5%AC%20%EC%97%B0%EC%88%98%EB%A1%9C392%EB%B2%88%EA%B8%B8%2052%20%EC%9A%B0%EB%8B%B9%ED%83%95%EC%BB%A4%ED%94%BC%EC%8A%A4%ED%86%A0%EB%A6%AC,https://place.map.kakao.com/534701229,https://www.google.com/maps/search/?api=1&query=%EB%B6%80%EC%82%B0%20%EC%88%98%EC%98%81%EA%B5%AC%20%EC%97%B0%EC%88%98%EB%A1%9C392%EB%B2%88%EA%B8%B8%2052%20%EC%9A%B0%EB%8B%B9%ED%83%95%EC%BB%A4%ED%94%BC%EC%8A%A4%ED%86%A0%EB%A6%AC
jung-kakao-515643360,추억보물섬,busan,jung,부산 중구 중구로23번길 9,35.0998547,129.0273726,espresso_machine|specialty_coffee,B,admin_verified,2026-06-16,https://map.naver.com/p/search/%EB%B6%80%EC%82%B0%20%EC%A4%91%EA%B5%AC%20%EC%A4%91%EA%B5%AC%EB%A1%9C23%EB%B2%88%EA%B8%B8%209%20%EC%B6%94%EC%96%B5%EB%B3%B4%EB%AC%BC%EC%84%AC,https://place.map.kakao.com/515643360,https://www.google.com/maps/search/?api=1&query=%EB%B6%80%EC%82%B0%20%EC%A4%91%EA%B5%AC%20%EC%A4%91%EA%B5%AC%EB%A1%9C23%EB%B2%88%EA%B8%B8%209%20%EC%B6%94%EC%96%B5%EB%B3%B4%EB%AC%BC%EC%84%AC
jeonpo-kakao-1599733719,33게이트,busan,jeonpo,부산 부산진구 서전로37번길 20,35.1587308,129.0640349,espresso_machine|specialty_coffee,B,admin_verified,2026-06-16,https://map.naver.com/p/search/%EB%B6%80%EC%82%B0%20%EB%B6%80%EC%82%B0%EC%A7%84%EA%B5%AC%20%EC%84%9C%EC%A0%84%EB%A1%9C37%EB%B2%88%EA%B8%B8%2020%2033%EA%B2%8C%EC%9D%B4%ED%8A%B8,https://place.map.kakao.com/1599733719,https://www.google.com/maps/search/?api=1&query=%EB%B6%80%EC%82%B0%20%EB%B6%80%EC%82%B0%EC%A7%84%EA%B5%AC%20%EC%84%9C%EC%A0%84%EB%A1%9C37%EB%B2%88%EA%B8%B8%2020%2033%EA%B2%8C%EC%9D%B4%ED%8A%B8
nam-kakao-373199223,감성가든,busan,nam,부산 남구 용소로28번길 6,35.1350419,129.1004754,espresso_machine|specialty_coffee,B,admin_verified,2026-06-16,https://map.naver.com/p/search/%EB%B6%80%EC%82%B0%20%EB%82%A8%EA%B5%AC%20%EC%9A%A9%EC%86%8C%EB%A1%9C28%EB%B2%88%EA%B8%B8%206%20%EA%B0%90%EC%84%B1%EA%B0%80%EB%93%A0,https://place.map.kakao.com/373199223,https://www.google.com/maps/search/?api=1&query=%EB%B6%80%EC%82%B0%20%EB%82%A8%EA%B5%AC%20%EC%9A%A9%EC%86%8C%EB%A1%9C28%EB%B2%88%EA%B8%B8%206%20%EA%B0%90%EC%84%B1%EA%B0%80%EB%93%A0
buk-kakao-1617612165,카페 비밀,busan,buk,부산 북구 백양대로1015번길 14-7,35.1969167,128.9942431,espresso_machine|specialty_coffee,B,admin_verified,2026-06-16,https://map.naver.com/p/search/%EB%B6%80%EC%82%B0%20%EB%B6%81%EA%B5%AC%20%EB%B0%B1%EC%96%91%EB%8C%80%EB%A1%9C1015%EB%B2%88%EA%B8%B8%2014-7%20%EC%B9%B4%ED%8E%98%20%EB%B9%84%EB%B0%80,https://place.map.kakao.com/1617612165,https://www.google.com/maps/search/?api=1&query=%EB%B6%80%EC%82%B0%20%EB%B6%81%EA%B5%AC%20%EB%B0%B1%EC%96%91%EB%8C%80%EB%A1%9C1015%EB%B2%88%EA%B8%B8%2014-7%20%EC%B9%B4%ED%8E%98%20%EB%B9%84%EB%B0%80
jeonpo-kakao-1285604078,카페까미노,busan,jeonpo,부산 부산진구 전포대로 180-3,35.1526657,129.0658479,espresso_machine|specialty_coffee,B,admin_verified,2026-06-16,https://map.naver.com/p/search/%EB%B6%80%EC%82%B0%20%EB%B6%80%EC%82%B0%EC%A7%84%EA%B5%AC%20%EC%A0%84%ED%8F%AC%EB%8C%80%EB%A1%9C%20180-3%20%EC%B9%B4%ED%8E%98%EA%B9%8C%EB%AF%B8%EB%85%B8,https://place.map.kakao.com/1285604078,https://www.google.com/maps/search/?api=1&query=%EB%B6%80%EC%82%B0%20%EB%B6%80%EC%82%B0%EC%A7%84%EA%B5%AC%20%EC%A0%84%ED%8F%AC%EB%8C%80%EB%A1%9C%20180-3%20%EC%B9%B4%ED%8E%98%EA%B9%8C%EB%AF%B8%EB%85%B8
jeonpo-kakao-2028536729,비콩피,busan,jeonpo,부산 부산진구 전포대로 234,35.1574213,129.0657882,espresso_machine|specialty_coffee,B,admin_verified,2026-06-16,https://map.naver.com/p/search/%EB%B6%80%EC%82%B0%20%EB%B6%80%EC%82%B0%EC%A7%84%EA%B5%AC%20%EC%A0%84%ED%8F%AC%EB%8C%80%EB%A1%9C%20234%20%EB%B9%84%EC%BD%A9%ED%94%BC,https://place.map.kakao.com/2028536729,https://www.google.com/maps/search/?api=1&query=%EB%B6%80%EC%82%B0%20%EB%B6%80%EC%82%B0%EC%A7%84%EA%B5%AC%20%EC%A0%84%ED%8F%AC%EB%8C%80%EB%A1%9C%20234%20%EB%B9%84%EC%BD%A9%ED%94%BC
jeonpo-kakao-1202346570,데이오프데이,busan,jeonpo,부산 부산진구 전포대로216번길 8,35.1556888,129.0659200,espresso_machine|specialty_coffee,B,admin_verified,2026-06-16,https://map.naver.com/p/search/%EB%B6%80%EC%82%B0%20%EB%B6%80%EC%82%B0%EC%A7%84%EA%B5%AC%20%EC%A0%84%ED%8F%AC%EB%8C%80%EB%A1%9C216%EB%B2%88%EA%B8%B8%208%20%EB%8D%B0%EC%9D%B4%EC%98%A4%ED%94%84%EB%8D%B0%EC%9D%B4,https://place.map.kakao.com/1202346570,https://www.google.com/maps/search/?api=1&query=%EB%B6%80%EC%82%B0%20%EB%B6%80%EC%82%B0%EC%A7%84%EA%B5%AC%20%EC%A0%84%ED%8F%AC%EB%8C%80%EB%A1%9C216%EB%B2%88%EA%B8%B8%208%20%EB%8D%B0%EC%9D%B4%EC%98%A4%ED%94%84%EB%8D%B0%EC%9D%B4
dong-kakao-926818332,크레비스(crevice),busan,dong,부산 동구 중앙대로 288,35.1221430,129.0438685,espresso_machine|specialty_coffee,B,admin_verified,2026-06-16,https://map.naver.com/p/search/%EB%B6%80%EC%82%B0%20%EB%8F%99%EA%B5%AC%20%EC%A4%91%EC%95%99%EB%8C%80%EB%A1%9C%20288%20%ED%81%AC%EB%A0%88%EB%B9%84%EC%8A%A4(crevice),https://place.map.kakao.com/926818332,https://www.google.com/maps/search/?api=1&query=%EB%B6%80%EC%82%B0%20%EB%8F%99%EA%B5%AC%20%EC%A4%91%EC%95%99%EB%8C%80%EB%A1%9C%20288%20%ED%81%AC%EB%A0%88%EB%B9%84%EC%8A%A4(crevice)
jeonpo-kakao-13318273,에프엠커피,busan,jeonpo,부산 부산진구 전포대로199번길 26,35.1546344,129.0637032,espresso_machine|specialty_coffee,B,admin_verified,2026-06-16,https://map.naver.com/p/search/%EB%B6%80%EC%82%B0%20%EB%B6%80%EC%82%B0%EC%A7%84%EA%B5%AC%20%EC%A0%84%ED%8F%AC%EB%8C%80%EB%A1%9C199%EB%B2%88%EA%B8%B8%2026%20%EC%97%90%ED%94%84%EC%97%A0%EC%BB%A4%ED%94%BC,https://place.map.kakao.com/13318273,https://www.google.com/maps/search/?api=1&query=%EB%B6%80%EC%82%B0%20%EB%B6%80%EC%82%B0%EC%A7%84%EA%B5%AC%20%EC%A0%84%ED%8F%AC%EB%8C%80%EB%A1%9C199%EB%B2%88%EA%B8%B8%2026%20%EC%97%90%ED%94%84%EC%97%A0%EC%BB%A4%ED%94%BC
gwangan-kakao-696782476,카페이플,busan,gwangan,부산 수영구 남천바다로21번길 23,35.1501816,129.1135130,espresso_machine|specialty_coffee,B,admin_verified,2026-06-16,https://map.naver.com/p/search/%EB%B6%80%EC%82%B0%20%EC%88%98%EC%98%81%EA%B5%AC%20%EB%82%A8%EC%B2%9C%EB%B0%94%EB%8B%A4%EB%A1%9C21%EB%B2%88%EA%B8%B8%2023%20%EC%B9%B4%ED%8E%98%EC%9D%B4%ED%94%8C,https://place.map.kakao.com/696782476,https://www.google.com/maps/search/?api=1&query=%EB%B6%80%EC%82%B0%20%EC%88%98%EC%98%81%EA%B5%AC%20%EB%82%A8%EC%B2%9C%EB%B0%94%EB%8B%A4%EB%A1%9C21%EB%B2%88%EA%B8%B8%2023%20%EC%B9%B4%ED%8E%98%EC%9D%B4%ED%94%8C
jeonpo-kakao-56775844,다운트클래식,busan,jeonpo,부산 부산진구 서전로 12,35.1575770,129.0608763,espresso_machine|specialty_coffee,B,admin_verified,2026-06-16,https://map.naver.com/p/search/%EB%B6%80%EC%82%B0%20%EB%B6%80%EC%82%B0%EC%A7%84%EA%B5%AC%20%EC%84%9C%EC%A0%84%EB%A1%9C%2012%20%EB%8B%A4%EC%9A%B4%ED%8A%B8%ED%81%B4%EB%9E%98%EC%8B%9D,https://place.map.kakao.com/56775844,https://www.google.com/maps/search/?api=1&query=%EB%B6%80%EC%82%B0%20%EB%B6%80%EC%82%B0%EC%A7%84%EA%B5%AC%20%EC%84%9C%EC%A0%84%EB%A1%9C%2012%20%EB%8B%A4%EC%9A%B4%ED%8A%B8%ED%81%B4%EB%9E%98%EC%8B%9D
jeonpo-kakao-1626319137,이스더네임,busan,jeonpo,부산 부산진구 서전로58번길 52,35.1554853,129.0660158,espresso_machine|specialty_coffee,B,admin_verified,2026-06-16,https://map.naver.com/p/search/%EB%B6%80%EC%82%B0%20%EB%B6%80%EC%82%B0%EC%A7%84%EA%B5%AC%20%EC%84%9C%EC%A0%84%EB%A1%9C58%EB%B2%88%EA%B8%B8%2052%20%EC%9D%B4%EC%8A%A4%EB%8D%94%EB%84%A4%EC%9E%84,https://place.map.kakao.com/1626319137,https://www.google.com/maps/search/?api=1&query=%EB%B6%80%EC%82%B0%20%EB%B6%80%EC%82%B0%EC%A7%84%EA%B5%AC%20%EC%84%9C%EC%A0%84%EB%A1%9C58%EB%B2%88%EA%B8%B8%2052%20%EC%9D%B4%EC%8A%A4%EB%8D%94%EB%84%A4%EC%9E%84
gijang-kakao-1793369966,탄티,busan,gijang,부산 기장군 정관읍 달음산길 37,35.3144266,129.1928678,espresso_machine|specialty_coffee,B,admin_verified,2026-06-16,https://map.naver.com/p/search/%EB%B6%80%EC%82%B0%20%EA%B8%B0%EC%9E%A5%EA%B5%B0%20%EC%A0%95%EA%B4%80%EC%9D%8D%20%EB%8B%AC%EC%9D%8C%EC%82%B0%EA%B8%B8%2037%20%ED%83%84%ED%8B%B0,https://place.map.kakao.com/1793369966,https://www.google.com/maps/search/?api=1&query=%EB%B6%80%EC%82%B0%20%EA%B8%B0%EC%9E%A5%EA%B5%B0%20%EC%A0%95%EA%B4%80%EC%9D%8D%20%EB%8B%AC%EC%9D%8C%EC%82%B0%EA%B8%B8%2037%20%ED%83%84%ED%8B%B0
buk-kakao-864159092,카엘리움,busan,buk,부산 북구 중리로 97,35.2138159,129.0451894,espresso_machine|specialty_coffee,B,admin_verified,2026-06-16,https://map.naver.com/p/search/%EB%B6%80%EC%82%B0%20%EB%B6%81%EA%B5%AC%20%EC%A4%91%EB%A6%AC%EB%A1%9C%2097%20%EC%B9%B4%EC%97%98%EB%A6%AC%EC%9B%80,https://place.map.kakao.com/864159092,https://www.google.com/maps/search/?api=1&query=%EB%B6%80%EC%82%B0%20%EB%B6%81%EA%B5%AC%20%EC%A4%91%EB%A6%AC%EB%A1%9C%2097%20%EC%B9%B4%EC%97%98%EB%A6%AC%EC%9B%80

dong-brown-hands,Brown Hands,busan,dong,부산 동구 중앙대로209번길,35.1162800,129.0390490,espresso_machine|specialty_coffee,C,user_report,2026-07-10,https://map.naver.com/p/search/%EB%B6%80%EC%82%B0%20%EB%8F%99%EA%B5%AC%20%EC%A4%91%EC%95%99%EB%8C%80%EB%A1%9C209%EB%B2%88%EA%B8%B8%20Brown%20Hands,https://map.kakao.com/link/search/%EB%B6%80%EC%82%B0%20%EB%8F%99%EA%B5%AC%20%EC%A4%91%EC%95%99%EB%8C%80%EB%A1%9C209%EB%B2%88%EA%B8%B8%20Brown%20Hands,https://www.google.com/maps/search/?api=1&query=%EB%B6%80%EC%82%B0%20%EB%8F%99%EA%B5%AC%20%EC%A4%91%EC%95%99%EB%8C%80%EB%A1%9C209%EB%B2%88%EA%B8%B8%20Brown%20Hands
yeongdo-cafe-830,Cafe 830,busan,yeongdo,부산 영도구 태종로,35.0623302,129.0811579,espresso_machine|specialty_coffee,C,user_report,2026-07-10,https://map.naver.com/p/search/%EB%B6%80%EC%82%B0%20%EC%98%81%EB%8F%84%EA%B5%AC%20%ED%83%9C%EC%A2%85%EB%A1%9C%20Cafe%20830,https://map.kakao.com/link/search/%EB%B6%80%EC%82%B0%20%EC%98%81%EB%8F%84%EA%B5%AC%20%ED%83%9C%EC%A2%85%EB%A1%9C%20Cafe%20830,https://www.google.com/maps/search/?api=1&query=%EB%B6%80%EC%82%B0%20%EC%98%81%EB%8F%84%EA%B5%AC%20%ED%83%9C%EC%A2%85%EB%A1%9C%20Cafe%20830
gwangan-cafe-bobae,Cafe Bobae,busan,gwangan,부산 수영구 민락로34번길,35.1584048,129.1231337,espresso_machine|specialty_coffee,C,user_report,2026-07-10,https://map.naver.com/p/search/%EB%B6%80%EC%82%B0%20%EC%88%98%EC%98%81%EA%B5%AC%20%EB%AF%BC%EB%9D%BD%EB%A1%9C34%EB%B2%88%EA%B8%B8%20Cafe%20Bobae,https://map.kakao.com/link/search/%EB%B6%80%EC%82%B0%20%EC%88%98%EC%98%81%EA%B5%AC%20%EB%AF%BC%EB%9D%BD%EB%A1%9C34%EB%B2%88%EA%B8%B8%20Cafe%20Bobae,https://www.google.com/maps/search/?api=1&query=%EB%B6%80%EC%82%B0%20%EC%88%98%EC%98%81%EA%B5%AC%20%EB%AF%BC%EB%9D%BD%EB%A1%9C34%EB%B2%88%EA%B8%B8%20Cafe%20Bobae
haeundae-cafe-hindus,Cafe Hindus,busan,haeundae,부산 해운대구 청사포로128번길,35.1605825,129.1913561,espresso_machine|specialty_coffee,C,user_report,2026-07-10,https://map.naver.com/p/search/%EB%B6%80%EC%82%B0%20%ED%95%B4%EC%9A%B4%EB%8C%80%EA%B5%AC%20%EC%B2%AD%EC%82%AC%ED%8F%AC%EB%A1%9C128%EB%B2%88%EA%B8%B8%20Cafe%20Hindus,https://map.kakao.com/link/search/%EB%B6%80%EC%82%B0%20%ED%95%B4%EC%9A%B4%EB%8C%80%EA%B5%AC%20%EC%B2%AD%EC%82%AC%ED%8F%AC%EB%A1%9C128%EB%B2%88%EA%B8%B8%20Cafe%20Hindus,https://www.google.com/maps/search/?api=1&query=%EB%B6%80%EC%82%B0%20%ED%95%B4%EC%9A%B4%EB%8C%80%EA%B5%AC%20%EC%B2%AD%EC%82%AC%ED%8F%AC%EB%A1%9C128%EB%B2%88%EA%B8%B8%20Cafe%20Hindus
jung-caffeinated,Caffeinated,busan,jung,부산 중구 중앙대로41번길,35.1010766,129.0345819,espresso_machine|specialty_coffee,C,user_report,2026-07-10,https://map.naver.com/p/search/%EB%B6%80%EC%82%B0%20%EC%A4%91%EA%B5%AC%20%EC%A4%91%EC%95%99%EB%8C%80%EB%A1%9C41%EB%B2%88%EA%B8%B8%20Caffeinated,https://map.kakao.com/link/search/%EB%B6%80%EC%82%B0%20%EC%A4%91%EA%B5%AC%20%EC%A4%91%EC%95%99%EB%8C%80%EB%A1%9C41%EB%B2%88%EA%B8%B8%20Caffeinated,https://www.google.com/maps/search/?api=1&query=%EB%B6%80%EC%82%B0%20%EC%A4%91%EA%B5%AC%20%EC%A4%91%EC%95%99%EB%8C%80%EB%A1%9C41%EB%B2%88%EA%B8%B8%20Caffeinated
dong-choryang1941,Choryang1941,busan,dong,부산 동구 망양로533번길,35.1195155,129.0296422,espresso_machine|specialty_coffee,C,user_report,2026-07-10,https://map.naver.com/p/search/%EB%B6%80%EC%82%B0%20%EB%8F%99%EA%B5%AC%20%EB%A7%9D%EC%96%91%EB%A1%9C533%EB%B2%88%EA%B8%B8%20Choryang1941,https://map.kakao.com/link/search/%EB%B6%80%EC%82%B0%20%EB%8F%99%EA%B5%AC%20%EB%A7%9D%EC%96%91%EB%A1%9C533%EB%B2%88%EA%B8%B8%20Choryang1941,https://www.google.com/maps/search/?api=1&query=%EB%B6%80%EC%82%B0%20%EB%8F%99%EA%B5%AC%20%EB%A7%9D%EC%96%91%EB%A1%9C533%EB%B2%88%EA%B8%B8%20Choryang1941
gijang-coffee2-roasters-lab,Coffee2 Roaster's Coffee Lab,busan,gijang,부산 기장군 용궁길,35.1903547,129.2202196,espresso_machine|specialty_coffee|roastery,C,user_report,2026-07-10,https://map.naver.com/p/search/%EB%B6%80%EC%82%B0%20%EA%B8%B0%EC%9E%A5%EA%B5%B0%20%EC%9A%A9%EA%B6%81%EA%B8%B8%20Coffee2%20Roaster's%20Coffee%20Lab,https://map.kakao.com/link/search/%EB%B6%80%EC%82%B0%20%EA%B8%B0%EC%9E%A5%EA%B5%B0%20%EC%9A%A9%EA%B6%81%EA%B8%B8%20Coffee2%20Roaster's%20Coffee%20Lab,https://www.google.com/maps/search/?api=1&query=%EB%B6%80%EC%82%B0%20%EA%B8%B0%EC%9E%A5%EA%B5%B0%20%EC%9A%A9%EA%B6%81%EA%B8%B8%20Coffee2%20Roaster's%20Coffee%20Lab
haeundae-hav-coffee,Hav Coffee,busan,haeundae,부산 해운대구 우동1로,35.1645928,129.1571755,espresso_machine|specialty_coffee,C,user_report,2026-07-10,https://map.naver.com/p/search/%EB%B6%80%EC%82%B0%20%ED%95%B4%EC%9A%B4%EB%8C%80%EA%B5%AC%20%EC%9A%B0%EB%8F%991%EB%A1%9C%20Hav%20Coffee,https://map.kakao.com/link/search/%EB%B6%80%EC%82%B0%20%ED%95%B4%EC%9A%B4%EB%8C%80%EA%B5%AC%20%EC%9A%B0%EB%8F%991%EB%A1%9C%20Hav%20Coffee,https://www.google.com/maps/search/?api=1&query=%EB%B6%80%EC%82%B0%20%ED%95%B4%EC%9A%B4%EB%8C%80%EA%B5%AC%20%EC%9A%B0%EB%8F%991%EB%A1%9C%20Hav%20Coffee
gwangan-hirameku,Hirameku,busan,gwangan,부산 수영구 광남로258번길,35.1594387,129.1269905,espresso_machine|specialty_coffee,C,user_report,2026-07-10,https://map.naver.com/p/search/%EB%B6%80%EC%82%B0%20%EC%88%98%EC%98%81%EA%B5%AC%20%EA%B4%91%EB%82%A8%EB%A1%9C258%EB%B2%88%EA%B8%B8%20Hirameku,https://map.kakao.com/link/search/%EB%B6%80%EC%82%B0%20%EC%88%98%EC%98%81%EA%B5%AC%20%EA%B4%91%EB%82%A8%EB%A1%9C258%EB%B2%88%EA%B8%B8%20Hirameku,https://www.google.com/maps/search/?api=1&query=%EB%B6%80%EC%82%B0%20%EC%88%98%EC%98%81%EA%B5%AC%20%EA%B4%91%EB%82%A8%EB%A1%9C258%EB%B2%88%EA%B8%B8%20Hirameku
gijang-la-baule,La Baule,busan,gijang,부산 기장군 삼성3길,35.2627812,129.2335558,espresso_machine|specialty_coffee,C,user_report,2026-07-10,https://map.naver.com/p/search/%EB%B6%80%EC%82%B0%20%EA%B8%B0%EC%9E%A5%EA%B5%B0%20%EC%82%BC%EC%84%B13%EA%B8%B8%20La%20Baule,https://map.kakao.com/link/search/%EB%B6%80%EC%82%B0%20%EA%B8%B0%EC%9E%A5%EA%B5%B0%20%EC%82%BC%EC%84%B13%EA%B8%B8%20La%20Baule,https://www.google.com/maps/search/?api=1&query=%EB%B6%80%EC%82%B0%20%EA%B8%B0%EC%9E%A5%EA%B5%B0%20%EC%82%BC%EC%84%B13%EA%B8%B8%20La%20Baule
jung-neruda-coffee,Neruda Coffee,busan,jung,부산 중구 구덕로,35.0977150,129.0337915,espresso_machine|specialty_coffee,C,user_report,2026-07-10,https://map.naver.com/p/search/%EB%B6%80%EC%82%B0%20%EC%A4%91%EA%B5%AC%20%EA%B5%AC%EB%8D%95%EB%A1%9C%20Neruda%20Coffee,https://map.kakao.com/link/search/%EB%B6%80%EC%82%B0%20%EC%A4%91%EA%B5%AC%20%EA%B5%AC%EB%8D%95%EB%A1%9C%20Neruda%20Coffee,https://www.google.com/maps/search/?api=1&query=%EB%B6%80%EC%82%B0%20%EC%A4%91%EA%B5%AC%20%EA%B5%AC%EB%8D%95%EB%A1%9C%20Neruda%20Coffee
jung-picobarn-coffee,Picobarn Coffee,busan,jung,부산 중구 자갈치로,35.0974830,129.0321869,espresso_machine|specialty_coffee,C,user_report,2026-07-10,https://map.naver.com/p/search/%EB%B6%80%EC%82%B0%20%EC%A4%91%EA%B5%AC%20%EC%9E%90%EA%B0%88%EC%B9%98%EB%A1%9C%20Picobarn%20Coffee,https://map.kakao.com/link/search/%EB%B6%80%EC%82%B0%20%EC%A4%91%EA%B5%AC%20%EC%9E%90%EA%B0%88%EC%B9%98%EB%A1%9C%20Picobarn%20Coffee,https://www.google.com/maps/search/?api=1&query=%EB%B6%80%EC%82%B0%20%EC%A4%91%EA%B5%AC%20%EC%9E%90%EA%B0%88%EC%B9%98%EB%A1%9C%20Picobarn%20Coffee
gwangan-prefer-color,Prefer Color,busan,gwangan,부산 수영구 수영로476번길,35.1478344,129.1125553,espresso_machine|specialty_coffee,C,user_report,2026-07-10,https://map.naver.com/p/search/%EB%B6%80%EC%82%B0%20%EC%88%98%EC%98%81%EA%B5%AC%20%EC%88%98%EC%98%81%EB%A1%9C476%EB%B2%88%EA%B8%B8%20Prefer%20Color,https://map.kakao.com/link/search/%EB%B6%80%EC%82%B0%20%EC%88%98%EC%98%81%EA%B5%AC%20%EC%88%98%EC%98%81%EB%A1%9C476%EB%B2%88%EA%B8%B8%20Prefer%20Color,https://www.google.com/maps/search/?api=1&query=%EB%B6%80%EC%82%B0%20%EC%88%98%EC%98%81%EA%B5%AC%20%EC%88%98%EC%98%81%EB%A1%9C476%EB%B2%88%EA%B8%B8%20Prefer%20Color
jung-roof-and,Roof And,busan,jung,부산 중구 용두산길,35.1019819,129.0316351,espresso_machine|specialty_coffee,C,user_report,2026-07-10,https://map.naver.com/p/search/%EB%B6%80%EC%82%B0%20%EC%A4%91%EA%B5%AC%20%EC%9A%A9%EB%91%90%EC%82%B0%EA%B8%B8%20Roof%20And,https://map.kakao.com/link/search/%EB%B6%80%EC%82%B0%20%EC%A4%91%EA%B5%AC%20%EC%9A%A9%EB%91%90%EC%82%B0%EA%B8%B8%20Roof%20And,https://www.google.com/maps/search/?api=1&query=%EB%B6%80%EC%82%B0%20%EC%A4%91%EA%B5%AC%20%EC%9A%A9%EB%91%90%EC%82%B0%EA%B8%B8%20Roof%20And
haeundae-sandy-blue,Sandy Blue,busan,haeundae,부산 해운대구 청사포로128번길,35.1606541,129.1914958,espresso_machine|specialty_coffee,C,user_report,2026-07-10,https://map.naver.com/p/search/%EB%B6%80%EC%82%B0%20%ED%95%B4%EC%9A%B4%EB%8C%80%EA%B5%AC%20%EC%B2%AD%EC%82%AC%ED%8F%AC%EB%A1%9C128%EB%B2%88%EA%B8%B8%20Sandy%20Blue,https://map.kakao.com/link/search/%EB%B6%80%EC%82%B0%20%ED%95%B4%EC%9A%B4%EB%8C%80%EA%B5%AC%20%EC%B2%AD%EC%82%AC%ED%8F%AC%EB%A1%9C128%EB%B2%88%EA%B8%B8%20Sandy%20Blue,https://www.google.com/maps/search/?api=1&query=%EB%B6%80%EC%82%B0%20%ED%95%B4%EC%9A%B4%EB%8C%80%EA%B5%AC%20%EC%B2%AD%EC%82%AC%ED%8F%AC%EB%A1%9C128%EB%B2%88%EA%B8%B8%20Sandy%20Blue
jung-upstairs-coffee,Upstairs Coffee,busan,jung,부산 중구 구덕로14번길,35.0981569,129.0340369,espresso_machine|specialty_coffee,C,user_report,2026-07-10,https://map.naver.com/p/search/%EB%B6%80%EC%82%B0%20%EC%A4%91%EA%B5%AC%20%EA%B5%AC%EB%8D%95%EB%A1%9C14%EB%B2%88%EA%B8%B8%20Upstairs%20Coffee,https://map.kakao.com/link/search/%EB%B6%80%EC%82%B0%20%EC%A4%91%EA%B5%AC%20%EA%B5%AC%EB%8D%95%EB%A1%9C14%EB%B2%88%EA%B8%B8%20Upstairs%20Coffee,https://www.google.com/maps/search/?api=1&query=%EB%B6%80%EC%82%B0%20%EC%A4%91%EA%B5%AC%20%EA%B5%AC%EB%8D%95%EB%A1%9C14%EB%B2%88%EA%B8%B8%20Upstairs%20Coffee
geumjeong-welkin-espresso,Welkin Espresso,busan,geumjeong,부산 금정구 청룡예전로,35.2740056,129.0919847,espresso_machine|specialty_coffee,C,user_report,2026-07-10,https://map.naver.com/p/search/%EB%B6%80%EC%82%B0%20%EA%B8%88%EC%A0%95%EA%B5%AC%20%EC%B2%AD%EB%A3%A1%EC%98%88%EC%A0%84%EB%A1%9C%20Welkin%20Espresso,https://map.kakao.com/link/search/%EB%B6%80%EC%82%B0%20%EA%B8%88%EC%A0%95%EA%B5%AC%20%EC%B2%AD%EB%A3%A1%EC%98%88%EC%A0%84%EB%A1%9C%20Welkin%20Espresso,https://www.google.com/maps/search/?api=1&query=%EB%B6%80%EC%82%B0%20%EA%B8%88%EC%A0%95%EA%B5%AC%20%EC%B2%AD%EB%A3%A1%EC%98%88%EC%A0%84%EB%A1%9C%20Welkin%20Espresso
jeonpo-goyu-coffee,고유커피,busan,jeonpo,부산 부산진구 전포대로209번길,35.1553106,129.0630959,espresso_machine|specialty_coffee,C,user_report,2026-07-10,https://map.naver.com/p/search/%EB%B6%80%EC%82%B0%20%EB%B6%80%EC%82%B0%EC%A7%84%EA%B5%AC%20%EC%A0%84%ED%8F%AC%EB%8C%80%EB%A1%9C209%EB%B2%88%EA%B8%B8%20%EA%B3%A0%EC%9C%A0%EC%BB%A4%ED%94%BC,https://map.kakao.com/link/search/%EB%B6%80%EC%82%B0%20%EB%B6%80%EC%82%B0%EC%A7%84%EA%B5%AC%20%EC%A0%84%ED%8F%AC%EB%8C%80%EB%A1%9C209%EB%B2%88%EA%B8%B8%20%EA%B3%A0%EC%9C%A0%EC%BB%A4%ED%94%BC,https://www.google.com/maps/search/?api=1&query=%EB%B6%80%EC%82%B0%20%EB%B6%80%EC%82%B0%EC%A7%84%EA%B5%AC%20%EC%A0%84%ED%8F%AC%EB%8C%80%EB%A1%9C209%EB%B2%88%EA%B8%B8%20%EA%B3%A0%EC%9C%A0%EC%BB%A4%ED%94%BC
yeonje-louis-roastery,루이스 로스터리,busan,yeonje,부산 연제구 거제천로255번길,35.1940121,129.0850818,espresso_machine|specialty_coffee|roastery,C,user_report,2026-07-10,https://map.naver.com/p/search/%EB%B6%80%EC%82%B0%20%EC%97%B0%EC%A0%9C%EA%B5%AC%20%EA%B1%B0%EC%A0%9C%EC%B2%9C%EB%A1%9C255%EB%B2%88%EA%B8%B8%20%EB%A3%A8%EC%9D%B4%EC%8A%A4%20%EB%A1%9C%EC%8A%A4%ED%84%B0%EB%A6%AC,https://map.kakao.com/link/search/%EB%B6%80%EC%82%B0%20%EC%97%B0%EC%A0%9C%EA%B5%AC%20%EA%B1%B0%EC%A0%9C%EC%B2%9C%EB%A1%9C255%EB%B2%88%EA%B8%B8%20%EB%A3%A8%EC%9D%B4%EC%8A%A4%20%EB%A1%9C%EC%8A%A4%ED%84%B0%EB%A6%AC,https://www.google.com/maps/search/?api=1&query=%EB%B6%80%EC%82%B0%20%EC%97%B0%EC%A0%9C%EA%B5%AC%20%EA%B1%B0%EC%A0%9C%EC%B2%9C%EB%A1%9C255%EB%B2%88%EA%B8%B8%20%EB%A3%A8%EC%9D%B4%EC%8A%A4%20%EB%A1%9C%EC%8A%A4%ED%84%B0%EB%A6%AC
yeonje-coffee-geeks,커피긱스,busan,yeonje,부산 연제구 교대로24번길,35.1958340,129.0769791,espresso_machine|specialty_coffee,C,user_report,2026-07-10,https://map.naver.com/p/search/%EB%B6%80%EC%82%B0%20%EC%97%B0%EC%A0%9C%EA%B5%AC%20%EA%B5%90%EB%8C%80%EB%A1%9C24%EB%B2%88%EA%B8%B8%20%EC%BB%A4%ED%94%BC%EA%B8%B1%EC%8A%A4,https://map.kakao.com/link/search/%EB%B6%80%EC%82%B0%20%EC%97%B0%EC%A0%9C%EA%B5%AC%20%EA%B5%90%EB%8C%80%EB%A1%9C24%EB%B2%88%EA%B8%B8%20%EC%BB%A4%ED%94%BC%EA%B8%B1%EC%8A%A4,https://www.google.com/maps/search/?api=1&query=%EB%B6%80%EC%82%B0%20%EC%97%B0%EC%A0%9C%EA%B5%AC%20%EA%B5%90%EB%8C%80%EB%A1%9C24%EB%B2%88%EA%B8%B8%20%EC%BB%A4%ED%94%BC%EA%B8%B1%EC%8A%A4
geumjeong-coffee-village,커피빌리지,busan,geumjeong,부산 금정구 금강로279번길,35.2344787,129.0816566,espresso_machine|specialty_coffee,C,user_report,2026-07-10,https://map.naver.com/p/search/%EB%B6%80%EC%82%B0%20%EA%B8%88%EC%A0%95%EA%B5%AC%20%EA%B8%88%EA%B0%95%EB%A1%9C279%EB%B2%88%EA%B8%B8%20%EC%BB%A4%ED%94%BC%EB%B9%8C%EB%A6%AC%EC%A7%80,https://map.kakao.com/link/search/%EB%B6%80%EC%82%B0%20%EA%B8%88%EC%A0%95%EA%B5%AC%20%EA%B8%88%EA%B0%95%EB%A1%9C279%EB%B2%88%EA%B8%B8%20%EC%BB%A4%ED%94%BC%EB%B9%8C%EB%A6%AC%EC%A7%80,https://www.google.com/maps/search/?api=1&query=%EB%B6%80%EC%82%B0%20%EA%B8%88%EC%A0%95%EA%B5%AC%20%EA%B8%88%EA%B0%95%EB%A1%9C279%EB%B2%88%EA%B8%B8%20%EC%BB%A4%ED%94%BC%EB%B9%8C%EB%A6%AC%EC%A7%80
gwangan-present-cafe,프리젠트 카페,busan,gwangan,부산 수영구 황령산로,35.1484799,129.1076096,espresso_machine|specialty_coffee,C,user_report,2026-07-10,https://map.naver.com/p/search/%EB%B6%80%EC%82%B0%20%EC%88%98%EC%98%81%EA%B5%AC%20%ED%99%A9%EB%A0%B9%EC%82%B0%EB%A1%9C%20%ED%94%84%EB%A6%AC%EC%A0%A0%ED%8A%B8%20%EC%B9%B4%ED%8E%98,https://map.kakao.com/link/search/%EB%B6%80%EC%82%B0%20%EC%88%98%EC%98%81%EA%B5%AC%20%ED%99%A9%EB%A0%B9%EC%82%B0%EB%A1%9C%20%ED%94%84%EB%A6%AC%EC%A0%A0%ED%8A%B8%20%EC%B9%B4%ED%8E%98,https://www.google.com/maps/search/?api=1&query=%EB%B6%80%EC%82%B0%20%EC%88%98%EC%98%81%EA%B5%AC%20%ED%99%A9%EB%A0%B9%EC%82%B0%EB%A1%9C%20%ED%94%84%EB%A6%AC%EC%A0%A0%ED%8A%B8%20%EC%B9%B4%ED%8E%98
gijang-cafe-baramjong,카페 바람종,busan,gijang,부산 기장군 일광로,35.2973420,129.2598840,espresso_machine|specialty_coffee,C,user_report,2026-07-10,https://map.naver.com/p/search/%EB%B6%80%EC%82%B0%20%EA%B8%B0%EC%9E%A5%EA%B5%B0%20%EC%9D%BC%EA%B4%91%EB%A1%9C%20%EC%B9%B4%ED%8E%98%20%EB%B0%94%EB%9E%8C%EC%A2%85,https://map.kakao.com/link/search/%EB%B6%80%EC%82%B0%20%EA%B8%B0%EC%9E%A5%EA%B5%B0%20%EC%9D%BC%EA%B4%91%EB%A1%9C%20%EC%B9%B4%ED%8E%98%20%EB%B0%94%EB%9E%8C%EC%A2%85,https://www.google.com/maps/search/?api=1&query=%EB%B6%80%EC%82%B0%20%EA%B8%B0%EC%9E%A5%EA%B5%B0%20%EC%9D%BC%EA%B4%91%EB%A1%9C%20%EC%B9%B4%ED%8E%98%20%EB%B0%94%EB%9E%8C%EC%A2%85
jeonpo-cafe-sumeun,카페숨은,busan,jeonpo,부산 부산진구 전포대로255번길,35.1592201,129.0646143,espresso_machine|specialty_coffee,C,user_report,2026-07-10,https://map.naver.com/p/search/%EB%B6%80%EC%82%B0%20%EB%B6%80%EC%82%B0%EC%A7%84%EA%B5%AC%20%EC%A0%84%ED%8F%AC%EB%8C%80%EB%A1%9C255%EB%B2%88%EA%B8%B8%20%EC%B9%B4%ED%8E%98%EC%88%A8%EC%9D%80,https://map.kakao.com/link/search/%EB%B6%80%EC%82%B0%20%EB%B6%80%EC%82%B0%EC%A7%84%EA%B5%AC%20%EC%A0%84%ED%8F%AC%EB%8C%80%EB%A1%9C255%EB%B2%88%EA%B8%B8%20%EC%B9%B4%ED%8E%98%EC%88%A8%EC%9D%80,https://www.google.com/maps/search/?api=1&query=%EB%B6%80%EC%82%B0%20%EB%B6%80%EC%82%B0%EC%A7%84%EA%B5%AC%20%EC%A0%84%ED%8F%AC%EB%8C%80%EB%A1%9C255%EB%B2%88%EA%B8%B8%20%EC%B9%B4%ED%8E%98%EC%88%A8%EC%9D%80
haeundae-aboutlife-coffee-roasters,AboutLife Coffee Roasters,busan,haeundae,부산 해운대구 우동1로50번길,35.1658658,129.1580940,espresso_machine|specialty_coffee|roastery,C,user_report,2026-07-10,https://map.naver.com/p/search/%EB%B6%80%EC%82%B0%20%ED%95%B4%EC%9A%B4%EB%8C%80%EA%B5%AC%20%EC%9A%B0%EB%8F%991%EB%A1%9C50%EB%B2%88%EA%B8%B8%20AboutLife%20Coffee%20Roasters,https://map.kakao.com/link/search/%EB%B6%80%EC%82%B0%20%ED%95%B4%EC%9A%B4%EB%8C%80%EA%B5%AC%20%EC%9A%B0%EB%8F%991%EB%A1%9C50%EB%B2%88%EA%B8%B8%20AboutLife%20Coffee%20Roasters,https://www.google.com/maps/search/?api=1&query=%EB%B6%80%EC%82%B0%20%ED%95%B4%EC%9A%B4%EB%8C%80%EA%B5%AC%20%EC%9A%B0%EB%8F%991%EB%A1%9C50%EB%B2%88%EA%B8%B8%20AboutLife%20Coffee%20Roasters
haeundae-andcoffee,AndCoffee,busan,haeundae,부산 해운대구 우동1로38번길,35.1655752,129.1584692,espresso_machine|specialty_coffee,C,user_report,2026-07-10,https://map.naver.com/p/search/%EB%B6%80%EC%82%B0%20%ED%95%B4%EC%9A%B4%EB%8C%80%EA%B5%AC%20%EC%9A%B0%EB%8F%991%EB%A1%9C38%EB%B2%88%EA%B8%B8%20AndCoffee,https://map.kakao.com/link/search/%EB%B6%80%EC%82%B0%20%ED%95%B4%EC%9A%B4%EB%8C%80%EA%B5%AC%20%EC%9A%B0%EB%8F%991%EB%A1%9C38%EB%B2%88%EA%B8%B8%20AndCoffee,https://www.google.com/maps/search/?api=1&query=%EB%B6%80%EC%82%B0%20%ED%95%B4%EC%9A%B4%EB%8C%80%EA%B5%AC%20%EC%9A%B0%EB%8F%991%EB%A1%9C38%EB%B2%88%EA%B8%B8%20AndCoffee
jung-breeze-coffee,Breeze Coffee,busan,jung,부산 중구 책방골목길,35.1038198,129.0261007,espresso_machine|specialty_coffee,C,user_report,2026-07-10,https://map.naver.com/p/search/%EB%B6%80%EC%82%B0%20%EC%A4%91%EA%B5%AC%20%EC%B1%85%EB%B0%A9%EA%B3%A8%EB%AA%A9%EA%B8%B8%20Breeze%20Coffee,https://map.kakao.com/link/search/%EB%B6%80%EC%82%B0%20%EC%A4%91%EA%B5%AC%20%EC%B1%85%EB%B0%A9%EA%B3%A8%EB%AA%A9%EA%B8%B8%20Breeze%20Coffee,https://www.google.com/maps/search/?api=1&query=%EB%B6%80%EC%82%B0%20%EC%A4%91%EA%B5%AC%20%EC%B1%85%EB%B0%A9%EA%B3%A8%EB%AA%A9%EA%B8%B8%20Breeze%20Coffee
dong-broadway-coffee,Broadway Coffee,busan,dong,부산 동구 중앙대로399번길,35.1306492,129.0505100,espresso_machine|specialty_coffee,C,user_report,2026-07-10,https://map.naver.com/p/search/%EB%B6%80%EC%82%B0%20%EB%8F%99%EA%B5%AC%20%EC%A4%91%EC%95%99%EB%8C%80%EB%A1%9C399%EB%B2%88%EA%B8%B8%20Broadway%20Coffee,https://map.kakao.com/link/search/%EB%B6%80%EC%82%B0%20%EB%8F%99%EA%B5%AC%20%EC%A4%91%EC%95%99%EB%8C%80%EB%A1%9C399%EB%B2%88%EA%B8%B8%20Broadway%20Coffee,https://www.google.com/maps/search/?api=1&query=%EB%B6%80%EC%82%B0%20%EB%8F%99%EA%B5%AC%20%EC%A4%91%EC%95%99%EB%8C%80%EB%A1%9C399%EB%B2%88%EA%B8%B8%20Broadway%20Coffee
jung-cafe-67-st,Cafe 67 St,busan,jung,부산 중구 광복로67번길,35.0999040,129.0317278,espresso_machine|specialty_coffee,C,user_report,2026-07-10,https://map.naver.com/p/search/%EB%B6%80%EC%82%B0%20%EC%A4%91%EA%B5%AC%20%EA%B4%91%EB%B3%B5%EB%A1%9C67%EB%B2%88%EA%B8%B8%20Cafe%2067%20St,https://map.kakao.com/link/search/%EB%B6%80%EC%82%B0%20%EC%A4%91%EA%B5%AC%20%EA%B4%91%EB%B3%B5%EB%A1%9C67%EB%B2%88%EA%B8%B8%20Cafe%2067%20St,https://www.google.com/maps/search/?api=1&query=%EB%B6%80%EC%82%B0%20%EC%A4%91%EA%B5%AC%20%EA%B4%91%EB%B3%B5%EB%A1%9C67%EB%B2%88%EA%B8%B8%20Cafe%2067%20St
haeundae-cafe-aslan,Cafe Aslan,busan,haeundae,부산 해운대구 해운대로774번길,35.1683099,129.1754697,espresso_machine|specialty_coffee,C,user_report,2026-07-10,https://map.naver.com/p/search/%EB%B6%80%EC%82%B0%20%ED%95%B4%EC%9A%B4%EB%8C%80%EA%B5%AC%20%ED%95%B4%EC%9A%B4%EB%8C%80%EB%A1%9C774%EB%B2%88%EA%B8%B8%20Cafe%20Aslan,https://map.kakao.com/link/search/%EB%B6%80%EC%82%B0%20%ED%95%B4%EC%9A%B4%EB%8C%80%EA%B5%AC%20%ED%95%B4%EC%9A%B4%EB%8C%80%EB%A1%9C774%EB%B2%88%EA%B8%B8%20Cafe%20Aslan,https://www.google.com/maps/search/?api=1&query=%EB%B6%80%EC%82%B0%20%ED%95%B4%EC%9A%B4%EB%8C%80%EA%B5%AC%20%ED%95%B4%EC%9A%B4%EB%8C%80%EB%A1%9C774%EB%B2%88%EA%B8%B8%20Cafe%20Aslan
jung-cafe-b4,Cafe B4,busan,jung,부산 중구 대청로137번길,35.1038359,129.0348830,espresso_machine|specialty_coffee,C,user_report,2026-07-10,https://map.naver.com/p/search/%EB%B6%80%EC%82%B0%20%EC%A4%91%EA%B5%AC%20%EB%8C%80%EC%B2%AD%EB%A1%9C137%EB%B2%88%EA%B8%B8%20Cafe%20B4,https://map.kakao.com/link/search/%EB%B6%80%EC%82%B0%20%EC%A4%91%EA%B5%AC%20%EB%8C%80%EC%B2%AD%EB%A1%9C137%EB%B2%88%EA%B8%B8%20Cafe%20B4,https://www.google.com/maps/search/?api=1&query=%EB%B6%80%EC%82%B0%20%EC%A4%91%EA%B5%AC%20%EB%8C%80%EC%B2%AD%EB%A1%9C137%EB%B2%88%EA%B8%B8%20Cafe%20B4
jung-cafe-colombe,Cafe Colombe,busan,jung,부산 중구 대청로131번길,35.1037826,129.0344383,espresso_machine|specialty_coffee,C,user_report,2026-07-10,https://map.naver.com/p/search/%EB%B6%80%EC%82%B0%20%EC%A4%91%EA%B5%AC%20%EB%8C%80%EC%B2%AD%EB%A1%9C131%EB%B2%88%EA%B8%B8%20Cafe%20Colombe,https://map.kakao.com/link/search/%EB%B6%80%EC%82%B0%20%EC%A4%91%EA%B5%AC%20%EB%8C%80%EC%B2%AD%EB%A1%9C131%EB%B2%88%EA%B8%B8%20Cafe%20Colombe,https://www.google.com/maps/search/?api=1&query=%EB%B6%80%EC%82%B0%20%EC%A4%91%EA%B5%AC%20%EB%8C%80%EC%B2%AD%EB%A1%9C131%EB%B2%88%EA%B8%B8%20Cafe%20Colombe
haeundae-cafe-crema,Cafe Creama,busan,haeundae,부산 해운대구 구남로 광장,35.1607512,129.1612262,espresso_machine|specialty_coffee,C,user_report,2026-07-10,https://map.naver.com/p/search/%EB%B6%80%EC%82%B0%20%ED%95%B4%EC%9A%B4%EB%8C%80%EA%B5%AC%20%EA%B5%AC%EB%82%A8%EB%A1%9C%20%EA%B4%91%EC%9E%A5%20Cafe%20Creama,https://map.kakao.com/link/search/%EB%B6%80%EC%82%B0%20%ED%95%B4%EC%9A%B4%EB%8C%80%EA%B5%AC%20%EA%B5%AC%EB%82%A8%EB%A1%9C%20%EA%B4%91%EC%9E%A5%20Cafe%20Creama,https://www.google.com/maps/search/?api=1&query=%EB%B6%80%EC%82%B0%20%ED%95%B4%EC%9A%B4%EB%8C%80%EA%B5%AC%20%EA%B5%AC%EB%82%A8%EB%A1%9C%20%EA%B4%91%EC%9E%A5%20Cafe%20Creama
jeonpo-cafe-de-boston,Cafe de Boston,busan,jeonpo,부산 부산진구 중앙대로,35.1483250,129.0591247,espresso_machine|specialty_coffee,C,user_report,2026-07-10,https://map.naver.com/p/search/%EB%B6%80%EC%82%B0%20%EB%B6%80%EC%82%B0%EC%A7%84%EA%B5%AC%20%EC%A4%91%EC%95%99%EB%8C%80%EB%A1%9C%20Cafe%20de%20Boston,https://map.kakao.com/link/search/%EB%B6%80%EC%82%B0%20%EB%B6%80%EC%82%B0%EC%A7%84%EA%B5%AC%20%EC%A4%91%EC%95%99%EB%8C%80%EB%A1%9C%20Cafe%20de%20Boston,https://www.google.com/maps/search/?api=1&query=%EB%B6%80%EC%82%B0%20%EB%B6%80%EC%82%B0%EC%A7%84%EA%B5%AC%20%EC%A4%91%EC%95%99%EB%8C%80%EB%A1%9C%20Cafe%20de%20Boston
dong-cafe-ritto,Cafe Ritto,busan,dong,부산 동구 중앙대로180번길,35.1118865,129.0390302,espresso_machine|specialty_coffee,C,user_report,2026-07-10,https://map.naver.com/p/search/%EB%B6%80%EC%82%B0%20%EB%8F%99%EA%B5%AC%20%EC%A4%91%EC%95%99%EB%8C%80%EB%A1%9C180%EB%B2%88%EA%B8%B8%20Cafe%20Ritto,https://map.kakao.com/link/search/%EB%B6%80%EC%82%B0%20%EB%8F%99%EA%B5%AC%20%EC%A4%91%EC%95%99%EB%8C%80%EB%A1%9C180%EB%B2%88%EA%B8%B8%20Cafe%20Ritto,https://www.google.com/maps/search/?api=1&query=%EB%B6%80%EC%82%B0%20%EB%8F%99%EA%B5%AC%20%EC%A4%91%EC%95%99%EB%8C%80%EB%A1%9C180%EB%B2%88%EA%B8%B8%20Cafe%20Ritto
jeonpo-cafe-spazio,Cafe Spazio,busan,jeonpo,부산 부산진구 엄광로 176,35.1442071,129.0351990,espresso_machine|specialty_coffee,C,user_report,2026-07-10,https://map.naver.com/p/search/%EB%B6%80%EC%82%B0%20%EB%B6%80%EC%82%B0%EC%A7%84%EA%B5%AC%20%EC%97%84%EA%B4%91%EB%A1%9C%20176%20Cafe%20Spazio,https://map.kakao.com/link/search/%EB%B6%80%EC%82%B0%20%EB%B6%80%EC%82%B0%EC%A7%84%EA%B5%AC%20%EC%97%84%EA%B4%91%EB%A1%9C%20176%20Cafe%20Spazio,https://www.google.com/maps/search/?api=1&query=%EB%B6%80%EC%82%B0%20%EB%B6%80%EC%82%B0%EC%A7%84%EA%B5%AC%20%EC%97%84%EA%B4%91%EB%A1%9C%20176%20Cafe%20Spazio
haeundae-doppio-coffee,Doppio Coffee,busan,haeundae,부산 해운대구 APEC로 55,35.1693517,129.1336792,espresso_machine|specialty_coffee,C,user_report,2026-07-10,https://map.naver.com/p/search/%EB%B6%80%EC%82%B0%20%ED%95%B4%EC%9A%B4%EB%8C%80%EA%B5%AC%20APEC%EB%A1%9C%2055%20Doppio%20Coffee,https://map.kakao.com/link/search/%EB%B6%80%EC%82%B0%20%ED%95%B4%EC%9A%B4%EB%8C%80%EA%B5%AC%20APEC%EB%A1%9C%2055%20Doppio%20Coffee,https://www.google.com/maps/search/?api=1&query=%EB%B6%80%EC%82%B0%20%ED%95%B4%EC%9A%B4%EB%8C%80%EA%B5%AC%20APEC%EB%A1%9C%2055%20Doppio%20Coffee
saha-duf-coffee,Duf Coffee,busan,saha,부산 사하구 감내1로,35.0962827,129.0092705,espresso_machine|specialty_coffee,C,user_report,2026-07-10,https://map.naver.com/p/search/%EB%B6%80%EC%82%B0%20%EC%82%AC%ED%95%98%EA%B5%AC%20%EA%B0%90%EB%82%B41%EB%A1%9C%20Duf%20Coffee,https://map.kakao.com/link/search/%EB%B6%80%EC%82%B0%20%EC%82%AC%ED%95%98%EA%B5%AC%20%EA%B0%90%EB%82%B41%EB%A1%9C%20Duf%20Coffee,https://www.google.com/maps/search/?api=1&query=%EB%B6%80%EC%82%B0%20%EC%82%AC%ED%95%98%EA%B5%AC%20%EA%B0%90%EB%82%B41%EB%A1%9C%20Duf%20Coffee
haeundae-ez-coffee,EZ Coffee,busan,haeundae,부산 해운대구 우동1로20번길,35.1653769,129.1602921,espresso_machine|specialty_coffee,C,user_report,2026-07-10,https://map.naver.com/p/search/%EB%B6%80%EC%82%B0%20%ED%95%B4%EC%9A%B4%EB%8C%80%EA%B5%AC%20%EC%9A%B0%EB%8F%991%EB%A1%9C20%EB%B2%88%EA%B8%B8%20EZ%20Coffee,https://map.kakao.com/link/search/%EB%B6%80%EC%82%B0%20%ED%95%B4%EC%9A%B4%EB%8C%80%EA%B5%AC%20%EC%9A%B0%EB%8F%991%EB%A1%9C20%EB%B2%88%EA%B8%B8%20EZ%20Coffee,https://www.google.com/maps/search/?api=1&query=%EB%B6%80%EC%82%B0%20%ED%95%B4%EC%9A%B4%EB%8C%80%EA%B5%AC%20%EC%9A%B0%EB%8F%991%EB%A1%9C20%EB%B2%88%EA%B8%B8%20EZ%20Coffee
jung-gonis-coffee,Goni's Coffee,busan,jung,부산 중구 광복로,35.0992263,129.0284646,espresso_machine|specialty_coffee,C,user_report,2026-07-10,https://map.naver.com/p/search/%EB%B6%80%EC%82%B0%20%EC%A4%91%EA%B5%AC%20%EA%B4%91%EB%B3%B5%EB%A1%9C%20Goni's%20Coffee,https://map.kakao.com/link/search/%EB%B6%80%EC%82%B0%20%EC%A4%91%EA%B5%AC%20%EA%B4%91%EB%B3%B5%EB%A1%9C%20Goni's%20Coffee,https://www.google.com/maps/search/?api=1&query=%EB%B6%80%EC%82%B0%20%EC%A4%91%EA%B5%AC%20%EA%B4%91%EB%B3%B5%EB%A1%9C%20Goni's%20Coffee
haeundae-tide-coffee-roasters,Tide Coffee Roasters,busan,haeundae,부산 해운대구 달맞이길104번길,35.1576789,129.1727529,espresso_machine|specialty_coffee|roastery|bean_sales|single_origin|house_blend|decaf_bean,B,admin_verified,2026-07-10,https://map.naver.com/p/search/%EB%B6%80%EC%82%B0%20%ED%95%B4%EC%9A%B4%EB%8C%80%EA%B5%AC%20%EB%8B%AC%EB%A7%9E%EC%9D%B4%EA%B8%B8104%EB%B2%88%EA%B8%B8%20Tide%20Coffee%20Roasters,https://map.kakao.com/link/search/%EB%B6%80%EC%82%B0%20%ED%95%B4%EC%9A%B4%EB%8C%80%EA%B5%AC%20%EB%8B%AC%EB%A7%9E%EC%9D%B4%EA%B8%B8104%EB%B2%88%EA%B8%B8%20Tide%20Coffee%20Roasters,https://www.google.com/maps/search/?api=1&query=%EB%B6%80%EC%82%B0%20%ED%95%B4%EC%9A%B4%EB%8C%80%EA%B5%AC%20%EB%8B%AC%EB%A7%9E%EC%9D%B4%EA%B8%B8104%EB%B2%88%EA%B8%B8%20Tide%20Coffee%20Roasters
jung-whoever-coffee-and-herb,Whoever coffee and herb,busan,jung,부산 중구 동광길,35.0999995,129.0351301,espresso_machine|specialty_coffee,C,user_report,2026-07-10,https://map.naver.com/p/search/%EB%B6%80%EC%82%B0%20%EC%A4%91%EA%B5%AC%20%EB%8F%99%EA%B4%91%EA%B8%B8%20Whoever%20coffee%20and%20herb,https://map.kakao.com/link/search/%EB%B6%80%EC%82%B0%20%EC%A4%91%EA%B5%AC%20%EB%8F%99%EA%B4%91%EA%B8%B8%20Whoever%20coffee%20and%20herb,https://www.google.com/maps/search/?api=1&query=%EB%B6%80%EC%82%B0%20%EC%A4%91%EA%B5%AC%20%EB%8F%99%EA%B4%91%EA%B8%B8%20Whoever%20coffee%20and%20herb
dong-woon-coffee,Woon Coffee,busan,dong,부산 동구 중앙대로195번길,35.1150259,129.0386631,espresso_machine|specialty_coffee,C,user_report,2026-07-10,https://map.naver.com/p/search/%EB%B6%80%EC%82%B0%20%EB%8F%99%EA%B5%AC%20%EC%A4%91%EC%95%99%EB%8C%80%EB%A1%9C195%EB%B2%88%EA%B8%B8%20Woon%20Coffee,https://map.kakao.com/link/search/%EB%B6%80%EC%82%B0%20%EB%8F%99%EA%B5%AC%20%EC%A4%91%EC%95%99%EB%8C%80%EB%A1%9C195%EB%B2%88%EA%B8%B8%20Woon%20Coffee,https://www.google.com/maps/search/?api=1&query=%EB%B6%80%EC%82%B0%20%EB%8F%99%EA%B5%AC%20%EC%A4%91%EC%95%99%EB%8C%80%EB%A1%9C195%EB%B2%88%EA%B8%B8%20Woon%20Coffee
dongnae-grain-coffee,그레인커피,busan,dongnae,부산 동래구 아시아대로171번길,35.1972681,129.0614440,espresso_machine|specialty_coffee,C,user_report,2026-07-10,https://map.naver.com/p/search/%EB%B6%80%EC%82%B0%20%EB%8F%99%EB%9E%98%EA%B5%AC%20%EC%95%84%EC%8B%9C%EC%95%84%EB%8C%80%EB%A1%9C171%EB%B2%88%EA%B8%B8%20%EA%B7%B8%EB%A0%88%EC%9D%B8%EC%BB%A4%ED%94%BC,https://map.kakao.com/link/search/%EB%B6%80%EC%82%B0%20%EB%8F%99%EB%9E%98%EA%B5%AC%20%EC%95%84%EC%8B%9C%EC%95%84%EB%8C%80%EB%A1%9C171%EB%B2%88%EA%B8%B8%20%EA%B7%B8%EB%A0%88%EC%9D%B8%EC%BB%A4%ED%94%BC,https://www.google.com/maps/search/?api=1&query=%EB%B6%80%EC%82%B0%20%EB%8F%99%EB%9E%98%EA%B5%AC%20%EC%95%84%EC%8B%9C%EC%95%84%EB%8C%80%EB%A1%9C171%EB%B2%88%EA%B8%B8%20%EA%B7%B8%EB%A0%88%EC%9D%B8%EC%BB%A4%ED%94%BC
jung-visitbusan-1838,그리다부부,busan,jung,부산 중구 광복중앙로 35-1,35.1025770,129.0307200,espresso_machine|specialty_coffee|filter_coffee|roastery,B,admin_verified,2026-07-10,https://map.naver.com/p/search/%EB%B6%80%EC%82%B0%20%EC%A4%91%EA%B5%AC%20%EA%B4%91%EB%B3%B5%EC%A4%91%EC%95%99%EB%A1%9C%2035-1%20%EA%B7%B8%EB%A6%AC%EB%8B%A4%EB%B6%80%EB%B6%80,https://map.kakao.com/link/search/%EB%B6%80%EC%82%B0%20%EC%A4%91%EA%B5%AC%20%EA%B4%91%EB%B3%B5%EC%A4%91%EC%95%99%EB%A1%9C%2035-1%20%EA%B7%B8%EB%A6%AC%EB%8B%A4%EB%B6%80%EB%B6%80,https://www.google.com/maps/search/?api=1&query=%EB%B6%80%EC%82%B0%20%EC%A4%91%EA%B5%AC%20%EA%B4%91%EB%B3%B5%EC%A4%91%EC%95%99%EB%A1%9C%2035-1%20%EA%B7%B8%EB%A6%AC%EB%8B%A4%EB%B6%80%EB%B6%80
jeonpo-visitbusan-1819,베르크로스터스 전포점,busan,jeonpo,부산 부산진구 서전로58번길 115,35.1526150,129.0662800,espresso_machine|specialty_coffee|filter_coffee|roastery|bean_sales,B,admin_verified,2026-07-10,https://map.naver.com/p/search/%EB%B6%80%EC%82%B0%20%EB%B6%80%EC%82%B0%EC%A7%84%EA%B5%AC%20%EC%84%9C%EC%A0%84%EB%A1%9C58%EB%B2%88%EA%B8%B8%20115%20%EB%B2%A0%EB%A5%B4%ED%81%AC%EB%A1%9C%EC%8A%A4%ED%84%B0%EC%8A%A4%20%EC%A0%84%ED%8F%AC%EC%A0%90,https://map.kakao.com/link/search/%EB%B6%80%EC%82%B0%20%EB%B6%80%EC%82%B0%EC%A7%84%EA%B5%AC%20%EC%84%9C%EC%A0%84%EB%A1%9C58%EB%B2%88%EA%B8%B8%20115%20%EB%B2%A0%EB%A5%B4%ED%81%AC%EB%A1%9C%EC%8A%A4%ED%84%B0%EC%8A%A4%20%EC%A0%84%ED%8F%AC%EC%A0%90,https://www.google.com/maps/search/?api=1&query=%EB%B6%80%EC%82%B0%20%EB%B6%80%EC%82%B0%EC%A7%84%EA%B5%AC%20%EC%84%9C%EC%A0%84%EB%A1%9C58%EB%B2%88%EA%B8%B8%20115%20%EB%B2%A0%EB%A5%B4%ED%81%AC%EB%A1%9C%EC%8A%A4%ED%84%B0%EC%8A%A4%20%EC%A0%84%ED%8F%AC%EC%A0%90
gijang-visitbusan-1464,브레이크인커피,busan,gijang,부산 기장군 정관읍 병산로 117,35.3407940,129.1777300,espresso_machine,B,admin_verified,2026-07-10,https://map.naver.com/p/search/%EB%B6%80%EC%82%B0%20%EA%B8%B0%EC%9E%A5%EA%B5%B0%20%EC%A0%95%EA%B4%80%EC%9D%8D%20%EB%B3%91%EC%82%B0%EB%A1%9C%20117%20%EB%B8%8C%EB%A0%88%EC%9D%B4%ED%81%AC%EC%9D%B8%EC%BB%A4%ED%94%BC,https://map.kakao.com/link/search/%EB%B6%80%EC%82%B0%20%EA%B8%B0%EC%9E%A5%EA%B5%B0%20%EC%A0%95%EA%B4%80%EC%9D%8D%20%EB%B3%91%EC%82%B0%EB%A1%9C%20117%20%EB%B8%8C%EB%A0%88%EC%9D%B4%ED%81%AC%EC%9D%B8%EC%BB%A4%ED%94%BC,https://www.google.com/maps/search/?api=1&query=%EB%B6%80%EC%82%B0%20%EA%B8%B0%EC%9E%A5%EA%B5%B0%20%EC%A0%95%EA%B4%80%EC%9D%8D%20%EB%B3%91%EC%82%B0%EB%A1%9C%20117%20%EB%B8%8C%EB%A0%88%EC%9D%B4%ED%81%AC%EC%9D%B8%EC%BB%A4%ED%94%BC
dongnae-visitbusan-1462,빌라빌레쿨라,busan,dongnae,부산 동래구 여고로63번나길 8,35.1983760,129.0696400,espresso_machine,B,admin_verified,2026-07-10,https://map.naver.com/p/search/%EB%B6%80%EC%82%B0%20%EB%8F%99%EB%9E%98%EA%B5%AC%20%EC%97%AC%EA%B3%A0%EB%A1%9C63%EB%B2%88%EB%82%98%EA%B8%B8%208%20%EB%B9%8C%EB%9D%BC%EB%B9%8C%EB%A0%88%EC%BF%A8%EB%9D%BC,https://map.kakao.com/link/search/%EB%B6%80%EC%82%B0%20%EB%8F%99%EB%9E%98%EA%B5%AC%20%EC%97%AC%EA%B3%A0%EB%A1%9C63%EB%B2%88%EB%82%98%EA%B8%B8%208%20%EB%B9%8C%EB%9D%BC%EB%B9%8C%EB%A0%88%EC%BF%A8%EB%9D%BC,https://www.google.com/maps/search/?api=1&query=%EB%B6%80%EC%82%B0%20%EB%8F%99%EB%9E%98%EA%B5%AC%20%EC%97%AC%EA%B3%A0%EB%A1%9C63%EB%B2%88%EB%82%98%EA%B8%B8%208%20%EB%B9%8C%EB%9D%BC%EB%B9%8C%EB%A0%88%EC%BF%A8%EB%9D%BC
yeongdo-visitbusan-1445,피아크 카페&베이커리,busan,yeongdo,부산 영도구 해양로195번길 180,35.0866500,129.0770000,espresso_machine,B,admin_verified,2026-07-10,https://map.naver.com/p/search/%EB%B6%80%EC%82%B0%20%EC%98%81%EB%8F%84%EA%B5%AC%20%ED%95%B4%EC%96%91%EB%A1%9C195%EB%B2%88%EA%B8%B8%20180%20%ED%94%BC%EC%95%84%ED%81%AC%20%EC%B9%B4%ED%8E%98%26%EB%B2%A0%EC%9D%B4%EC%BB%A4%EB%A6%AC,https://map.kakao.com/link/search/%EB%B6%80%EC%82%B0%20%EC%98%81%EB%8F%84%EA%B5%AC%20%ED%95%B4%EC%96%91%EB%A1%9C195%EB%B2%88%EA%B8%B8%20180%20%ED%94%BC%EC%95%84%ED%81%AC%20%EC%B9%B4%ED%8E%98%26%EB%B2%A0%EC%9D%B4%EC%BB%A4%EB%A6%AC,https://www.google.com/maps/search/?api=1&query=%EB%B6%80%EC%82%B0%20%EC%98%81%EB%8F%84%EA%B5%AC%20%ED%95%B4%EC%96%91%EB%A1%9C195%EB%B2%88%EA%B8%B8%20180%20%ED%94%BC%EC%95%84%ED%81%AC%20%EC%B9%B4%ED%8E%98%26%EB%B2%A0%EC%9D%B4%EC%BB%A4%EB%A6%AC
yeongdo-visitbusan-920,에테르,busan,yeongdo,부산 영도구 절영로 234,35.0772860,129.0464600,espresso_machine,B,admin_verified,2026-07-10,https://map.naver.com/p/search/%EB%B6%80%EC%82%B0%20%EC%98%81%EB%8F%84%EA%B5%AC%20%EC%A0%88%EC%98%81%EB%A1%9C%20234%20%EC%97%90%ED%85%8C%EB%A5%B4,https://map.kakao.com/link/search/%EB%B6%80%EC%82%B0%20%EC%98%81%EB%8F%84%EA%B5%AC%20%EC%A0%88%EC%98%81%EB%A1%9C%20234%20%EC%97%90%ED%85%8C%EB%A5%B4,https://www.google.com/maps/search/?api=1&query=%EB%B6%80%EC%82%B0%20%EC%98%81%EB%8F%84%EA%B5%AC%20%EC%A0%88%EC%98%81%EB%A1%9C%20234%20%EC%97%90%ED%85%8C%EB%A5%B4
gijang-visitbusan-174,웨이브온커피,busan,gijang,부산 기장군 장안읍 해맞이로 286,35.3222500,129.2697900,espresso_machine|specialty_coffee|filter_coffee|roastery,B,admin_verified,2026-07-10,https://map.naver.com/p/search/%EB%B6%80%EC%82%B0%20%EA%B8%B0%EC%9E%A5%EA%B5%B0%20%EC%9E%A5%EC%95%88%EC%9D%8D%20%ED%95%B4%EB%A7%9E%EC%9D%B4%EB%A1%9C%20286%20%EC%9B%A8%EC%9D%B4%EB%B8%8C%EC%98%A8%EC%BB%A4%ED%94%BC,https://map.kakao.com/link/search/%EB%B6%80%EC%82%B0%20%EA%B8%B0%EC%9E%A5%EA%B5%B0%20%EC%9E%A5%EC%95%88%EC%9D%8D%20%ED%95%B4%EB%A7%9E%EC%9D%B4%EB%A1%9C%20286%20%EC%9B%A8%EC%9D%B4%EB%B8%8C%EC%98%A8%EC%BB%A4%ED%94%BC,https://www.google.com/maps/search/?api=1&query=%EB%B6%80%EC%82%B0%20%EA%B8%B0%EC%9E%A5%EA%B5%B0%20%EC%9E%A5%EC%95%88%EC%9D%8D%20%ED%95%B4%EB%A7%9E%EC%9D%B4%EB%A1%9C%20286%20%EC%9B%A8%EC%9D%B4%EB%B8%8C%EC%98%A8%EC%BB%A4%ED%94%BC
